,,,,,,,
PL,NAME,YEAR,TEAM,Avg. Mile,TIME,SCORE,
1,William Amponsah,SR-4,West Texas A&M,04:41.8,23:21.0,1,LIVE IN LOU
2,Jacob Pyeatt,SR-4,Arkansas State,04:44.5,23:34.5,2,LIVE IN LOU
3,Dennis Cheruiyot,FR-1,West Texas A&M,04:49.7,24:00.2,3,LIVE IN LOU
4,Sawyer Dagan,SR-4,Clemson,04:50.1,24:02.3,4,LIVE IN LOU
5,Avery Jaynes,SR-4,Augusta,04:50.2,24:02.8,5,LIVE IN LOU
6,Chase Atkins,JR-3,Bellarmine,04:50.3,24:03.0,6,LIVE IN LOU
7,Yami Albrecht,SR-4,Oakland,04:50.3,24:03.3,7,LIVE IN LOU
8,Emerald Svienty,SR-4,North Central (Ill.),04:50.5,24:04.2,8,LIVE IN LOU
9,Jack Kelke,SO-2,Michigan,04:50.5,24:04.3,9,LIVE IN LOU
10,Jozef Meyers,JR-3,Michigan,04:51.6,24:09.6,10,LIVE IN LOU
11,Daniel Chavez,JR-3,Illinois-Chicago,04:51.7,24:10.2,11,LIVE IN LOU
12,BJ Sorg,SO-2,North Central (Ill.),04:51.7,24:10.4,12,LIVE IN LOU
13,Luke Gaddis,JR-3,Lee (Tenn.),04:51.9,24:10.9,13,LIVE IN LOU
14,Anthony Hancock,JR-3,Michigan,04:52.0,24:11.6,14,LIVE IN LOU
15,Bryce Anderson,JR-3,Charlotte,04:52.0,24:11.8,15,LIVE IN LOU
16,Maddon Muhammad,JR-3,Charlotte,04:52.5,24:14.2,16,LIVE IN LOU
17,Harry Louradour,SR-4,West Texas A&M,04:52.6,24:14.6,17,LIVE IN LOU
18,Zach Stewart,SR-4,Michigan,04:53.0,24:16.6,18,LIVE IN LOU
19,Natnael Weldemichael,JR-3,Northern Kentucky,04:53.3,24:18.2,19,LIVE IN LOU
20,Luke Malone,SR-4,Illinois-Chicago,04:53.5,24:19.1,20,LIVE IN LOU
21,Colton O'Hara,JR-3,Northern Kentucky,04:53.6,24:19.5,21,LIVE IN LOU
22,Aaron Himes,SR-4,Lee (Tenn.),04:54.0,24:21.6,22,LIVE IN LOU
23,Peter Baracco,SO-2,Michigan,04:54.1,24:22.1,23,LIVE IN LOU
24,Ryan Lovelace,JR-3,Lee (Tenn.),04:54.2,24:22.4,24,LIVE IN LOU
25,Michael Hancock,SR-4,Oakland,04:54.6,24:24.5,25,LIVE IN LOU
26,Kyler McNatt,SO-2,Michigan,04:54.9,24:26.1,26,LIVE IN LOU
27,Enrico Oddone,SR-4,West Texas A&M,04:55.1,24:27.1,27,LIVE IN LOU
28,Adrian Legarreta,SR-4,West Texas A&M,04:55.2,24:27.6,28,LIVE IN LOU
29,Samuel Idiens,SO-2,Charleston (W.V.),04:55.4,24:28.5,29,LIVE IN LOU
30,Jordan Robertson,SR-4,Augusta,04:55.6,24:29.5,30,LIVE IN LOU
31,Jackson O'Hara,SR-4,Charlotte,04:56.0,24:31.3,31,LIVE IN LOU
32,Matthew Jett,SR-4,North Central (Ill.),04:56.1,24:32.2,32,LIVE IN LOU
33,Wesley Hollowell,JR-3,Oakland,04:57.0,24:36.6,33,LIVE IN LOU
34,Xian Campbell,FR-1,Lee (Tenn.),04:57.6,24:39.4,34,LIVE IN LOU
35,Nolan Clark,FR-1,Michigan,04:57.8,24:40.3,35,LIVE IN LOU
36,Richie Jacobo,SR-4,Eastern Illinois,04:58.1,24:41.9,36,LIVE IN LOU
37,Andre Michaels,FR-1,Charlotte,04:58.2,24:42.5,37,LIVE IN LOU
38,Duncan Kogei,FR-1,Rio Grande,04:58.4,24:43.7,38,LIVE IN LOU
39,Charles Slates,SO-2,Ohio,04:58.6,24:44.4,39,LIVE IN LOU
40,Tyler Jenkins,JR-3,Rio Grande,04:58.7,24:44.9,40,LIVE IN LOU
41,Brian Kweyei,FR-1,Clemson,04:58.7,24:45.1,41,LIVE IN LOU
42,Alex Bacci,JR-3,Illinois-Chicago,04:58.9,24:45.8,42,LIVE IN LOU
43,Cruz Hesling,FR-1,Charlotte,04:59.0,24:46.5,43,LIVE IN LOU
44,Andrew Bracken,SO-2,Ohio,04:59.1,24:46.7,44,LIVE IN LOU
45,DK Schnieders,SR-4,Bellarmine,04:59.1,24:47.0,45,LIVE IN LOU
46,Owen Pearce,SR-4,Lee (Tenn.),04:59.1,24:47.0,46,LIVE IN LOU
47,Tristan Brandenburg,SR-4,Oakland,04:59.2,24:47.5,47,LIVE IN LOU
48,Evan Stevens,FR-1,Arkansas State,04:59.3,24:47.8,48,LIVE IN LOU
49,Caleb Roesch,FR-1,Charlotte,04:59.4,24:48.3,49,LIVE IN LOU
50,Franklin Angelos,FR-1,Ohio,04:59.5,24:48.9,50,LIVE IN LOU
51,Matthys Bourse,JR-3,West Texas A&M,04:59.8,24:50.5,51,LIVE IN LOU
52,Edimo Ninteretse,JR-3,Lee (Tenn.),04:59.9,24:50.7,52,LIVE IN LOU
53,Zane Chalker,SR-4,Charleston (W.V.),04:59.9,24:50.8,53,LIVE IN LOU
54,Joseph Stoddard,SO-2,Eastern Illinois,05:00.1,24:51.8,54,LIVE IN LOU
55,Brandon Martin,SR-4,Augusta,05:00.2,24:52.3,55,LIVE IN LOU
56,Garrett Brown,FR-1,Clemson,05:00.2,24:52.5,56,LIVE IN LOU
57,Nathaniel Verska,JR-3,Clemson,05:00.3,24:52.9,57,LIVE IN LOU
58,Lucas Hoffman,SR-4,North Central (Ill.),05:00.4,24:53.6,58,LIVE IN LOU
59,Isaiah Lanoy,FR-1,Shawnee State,05:00.5,24:53.8,59,LIVE IN LOU
60,Michael Atkins,JR-3,Eastern Illinois,05:00.5,24:53.9,60,LIVE IN LOU
61,Jonathan Olenek,SR-4,North Central (Ill.),05:00.7,24:55.1,61,LIVE IN LOU
62,Dawson Mayberry,SR-4,Arkansas State,05:00.8,24:55.4,62,LIVE IN LOU
63,Corey Schobelock,SO-2,Charleston (W.V.),05:00.9,24:55.9,63,LIVE IN LOU
64,Henry Johnson,JR-3,Michigan,05:01.0,24:56.3,,LIVE IN LOU
65,Danuel Persinger,SR-4,Rio Grande,05:01.1,24:56.7,64,LIVE IN LOU
66,Stephen Clark,JR-3,Lee (Tenn.),05:01.3,24:57.7,65,LIVE IN LOU
67,Natnael Enright,JR-3,Arkansas State,05:01.3,24:57.9,66,LIVE IN LOU
68,Pierre Chauveau,FR-1,Lee (Tenn.),05:01.3,24:58.1,,LIVE IN LOU
69,Francisco Ramirez,SR-4,Flagler,05:01.5,24:59.0,67,LIVE IN LOU
70,Aaron Isbell,SR-4,Chattanooga,05:01.8,25:00.4,68,LIVE IN LOU
71,Buck Ledford,JR-3,Mercer,05:02.1,25:01.6,69,LIVE IN LOU
72,Jackson Martin,SO-2,Chattanooga,05:02.1,25:01.7,70,LIVE IN LOU
73,Alexander Das,SO-2,Illinois-Chicago,05:02.4,25:03.6,71,LIVE IN LOU
74,Zachary Close,FR-1,Illinois-Chicago,05:02.5,25:03.8,72,LIVE IN LOU
75,Joseph Carroll,FR-1,Cedarville,05:02.7,25:04.6,73,LIVE IN LOU
76,Ani Tesfaye,FR-1,Augusta,05:02.7,25:04.8,74,LIVE IN LOU
77,Owen MacKenzie,SR-4,Michigan,05:03.1,25:06.6,,LIVE IN LOU
78,Flynn Prather,SR-4,Olivet Nazarene,05:03.1,25:06.7,75,LIVE IN LOU
79,Yianni Pothoulakis,JR-3,Mercer,05:03.3,25:07.8,76,LIVE IN LOU
80,Luke Armentrout,FR-1,Charlotte,05:03.5,25:09.0,77,LIVE IN LOU
81,Jon Fielding Stogner,JR-3,Lee (Tenn.),05:03.7,25:09.6,,LIVE IN LOU
82,Rocco DeVincent,JR-3,Ohio,05:03.7,25:09.7,78,LIVE IN LOU
83,Caleb Guthery,SR-4,Lee (Tenn.),05:03.8,25:10.3,,LIVE IN LOU
84,Will Nobbe,FR-1,Bellarmine,05:03.9,25:10.6,79,LIVE IN LOU
85,Tripp Miller,SO-2,Augusta,05:03.9,25:11.0,80,LIVE IN LOU
86,Brandon Armendarez,SR-4,Olivet Nazarene,05:04.1,25:11.7,81,LIVE IN LOU
87,Shawn Little,SR-4,Shawnee State,05:04.2,25:12.4,82,LIVE IN LOU
88,Tyler Buchanan,SR-4,Wayne State (Mich.),05:04.3,25:12.7,83,LIVE IN LOU
89,Benjamin Brenneman,SO-2,Arkansas State,05:04.4,25:13.5,84,LIVE IN LOU
90,Nasrudin Mohamed,SO-2,Augusta,05:04.5,25:13.6,85,LIVE IN LOU
91,Clark Kelly,SR-4,North Central (Ill.),05:04.5,25:13.8,86,LIVE IN LOU
92,Evan Leist,SR-4,Cedarville,05:04.6,25:14.2,87,LIVE IN LOU
93,Paul Maguire,SO-2,Clemson,05:04.9,25:15.8,88,LIVE IN LOU
94,Josh Meiman,SR-4,Bellarmine,05:05.1,25:16.6,89,LIVE IN LOU
95,Patrick Motes,SR-4,Augusta,05:05.2,25:17.2,90,LIVE IN LOU
96,Luke Hoffmann,SR-4,North Central (Ill.),05:05.3,25:17.7,91,LIVE IN LOU
97,Alex Hooten,JR-3,Bellarmine,05:05.3,25:17.8,92,LIVE IN LOU
98,Nick Kennedy,SO-2,Ohio,05:05.3,25:17.9,93,LIVE IN LOU
99,Jake Ethridge,SR-4,Ohio,05:05.4,25:18.0,94,LIVE IN LOU
100,Kaleb Hollins,SO-2,Flagler,05:06.0,25:21.2,95,LIVE IN LOU
101,Jules Geffroy-Remot,SO-2,Charleston (W.V.),05:06.0,25:21.2,96,LIVE IN LOU
102,Ethan Tank,SR-4,Flagler,05:06.2,25:22.0,97,LIVE IN LOU
103,Finnian Russell,JR-3,Flagler,05:06.3,25:22.9,98,LIVE IN LOU
104,Trey Sullivan,SO-2,Clemson,05:06.5,25:23.9,99,LIVE IN LOU
105,Jacob Hatcher,SR-4,Lee (Tenn.),05:06.7,25:24.9,,LIVE IN LOU
106,Cale Smith,SO-2,Eastern Illinois,05:06.9,25:25.5,100,LIVE IN LOU
107,Tal Old,JR-3,Lee (Tenn.),05:06.9,25:25.9,,LIVE IN LOU
108,Andrew Todd,SR-4,Augusta,05:07.4,25:28.1,,LIVE IN LOU
109,Will Stone,JR-3,Flagler,05:07.5,25:28.5,101,LIVE IN LOU
110,Sam Beeler,JR-3,Ohio,05:07.5,25:28.9,102,LIVE IN LOU
111,Carter Bradford,JR-3,Tennessee Tech,05:07.6,25:29.2,103,LIVE IN LOU
112,Sean Pettis,FR-1,Wayne State (Mich.),05:07.8,25:30.2,104,LIVE IN LOU
113,Theodore Cunningham,SO-2,Illinois-Chicago,05:07.8,25:30.4,105,LIVE IN LOU
114,Elijah Moran,JR-3,Lee (Tenn.),05:07.9,25:30.5,,LIVE IN LOU
115,Kaiden Lanoy,SO-2,Shawnee State,05:07.9,25:30.8,106,LIVE IN LOU
116,Collin Farmer,FR-1,Oakland,05:08.1,25:31.7,107,LIVE IN LOU
117,Garrett Ferguson,SO-2,Marshall,05:08.2,25:32.3,108,LIVE IN LOU
118,Kenneth Bishop,FR-1,Lee (Tenn.),05:08.2,25:32.4,,LIVE IN LOU
119,Parker Campbell,FR-1,Lee (Tenn.),05:08.3,25:32.5,,LIVE IN LOU
120,Jacob Peters,JR-3,Mercer,05:08.3,25:32.6,109,LIVE IN LOU
121,Logan Detweiler,SO-2,Oakland,05:08.3,25:32.7,110,LIVE IN LOU
122,Nick Janson,SR-4,Olivet Nazarene,05:08.6,25:34.0,111,LIVE IN LOU
123,Trevor Lanoy,SO-2,Shawnee State,05:08.9,25:35.5,112,LIVE IN LOU
124,Nolan Rogers,SO-2,Illinois-Chicago,05:09.0,25:36.0,113,LIVE IN LOU
125,Oscar Frontjes,FR-1,North Central (Ill.),05:09.0,25:36.0,,LIVE IN LOU
126,Cole Friend,SR-4,Charleston (W.V.),05:09.1,25:36.8,114,LIVE IN LOU
127,Reece Cato,SR-4,Mercer,05:09.1,25:36.9,115,LIVE IN LOU
128,Kasy Science,SO-2,Rio Grande,05:09.3,25:37.6,116,LIVE IN LOU
129,Riley Hanson,SO-2,Chattanooga,05:09.7,25:39.8,117,LIVE IN LOU
130,Jon Eide,SR-4,Flagler,05:10.0,25:41.0,118,LIVE IN LOU
131,Rylan Felumlee,JR-3,Cedarville,05:10.1,25:41.5,119,LIVE IN LOU
132,Prince Mcabelo,SR-4,West Texas A&M,05:10.2,25:42.1,120,LIVE IN LOU
133,Ryan Sula,JR-3,Clemson,05:10.3,25:42.5,121,LIVE IN LOU
134,Brady Heron,SO-2,Wayne State (Mich.),05:10.3,25:42.6,122,LIVE IN LOU
135,Thomas Rischar,SR-4,Augusta,05:10.4,25:42.9,,LIVE IN LOU
136,Orlando Hernandez,SO-2,Illinois-Chicago,05:10.4,25:43.0,,LIVE IN LOU
137,David Olmos,SR-4,Olivet Nazarene,05:10.4,25:43.1,123,LIVE IN LOU
138,Sam Nowak,SR-4,Eastern Illinois,05:10.5,25:43.4,124,LIVE IN LOU
139,Matthew Moore,SR-4,Augusta,05:10.7,25:44.9,,LIVE IN LOU
140,Isaac Wallis,FR-1,Cedarville,05:10.9,25:45.7,125,LIVE IN LOU
141,Ethan Wallis,SR-4,Cedarville,05:11.0,25:46.0,126,LIVE IN LOU
142,Derek Mitchell,FR-1,Chattanooga,05:11.1,25:46.4,127,LIVE IN LOU
143,Noah Schalliol,JR-3,Eastern Illinois,05:11.1,25:46.8,128,LIVE IN LOU
144,Avinash Patel,FR-1,Arkansas State,05:11.5,25:48.6,129,LIVE IN LOU
145,Nolan Hester,SR-4,Bellarmine,05:11.6,25:49.1,130,LIVE IN LOU
146,Jacob Puhalla,SO-2,Louisville,05:11.7,25:49.4,131,LIVE IN LOU
147,Eammon O'Bryant,SR-4,Chattanooga,05:11.7,25:49.4,132,LIVE IN LOU
148,Jackson Gawarecki,SR-4,Bellarmine,05:11.8,25:50.3,133,LIVE IN LOU
149,Dylan French,JR-3,Shawnee State,05:11.9,25:50.5,134,LIVE IN LOU
150,Gabriel Trevino,FR-1,Wayne State (Mich.),05:12.0,25:50.9,135,LIVE IN LOU
151,Austin Tice,FR-1,Olivet Nazarene,05:12.2,25:52.2,136,LIVE IN LOU
152,Isai Morales,SR-4,Eastern Illinois,05:12.4,25:53.0,137,LIVE IN LOU
153,Isaac Rascon,SR-4,Northern Colorado,05:12.4,25:53.0,138,LIVE IN LOU
154,Jonathan McGahney,SO-2,Clemson,05:12.4,25:53.1,,LIVE IN LOU
155,Ty Nagy,SO-2,Wayne State (Mich.),05:12.5,25:53.4,139,LIVE IN LOU
156,Jose Lozano,SO-2,Illinois-Chicago,05:12.5,25:53.5,,LIVE IN LOU
157,Ben Hunter,FR-1,Bellarmine,05:12.5,25:53.7,,LIVE IN LOU
158,Dylan Nolan,SO-2,Clemson,05:12.6,25:54.1,,LIVE IN LOU
159,Alex Jackson,SR-4,Charleston (W.V.),05:12.8,25:54.8,140,LIVE IN LOU
160,Charlie Bardwell,FR-1,Olivet Nazarene,05:12.8,25:55.2,141,LIVE IN LOU
161,Stetson Childress,SR-4,Northern Kentucky,05:12.9,25:55.6,142,LIVE IN LOU
162,Brady Dawkins,SO-2,Marshall,05:13.2,25:56.9,143,LIVE IN LOU
163,Wes Taylor,FR-1,Rio Grande,05:13.3,25:57.6,144,LIVE IN LOU
164,Dane Sullins,SO-2,East Tenn. St.,05:13.4,25:58.0,145,LIVE IN LOU
165,Austin Rush,JR-3,Olivet Nazarene,05:13.4,25:58.2,146,LIVE IN LOU
166,Christian Fernandez,SR-4,Flagler,05:13.7,25:59.4,147,LIVE IN LOU
167,Ryan Farrell,JR-3,Louisville,05:14.4,26:02.8,148,LIVE IN LOU
168,Ryan Blohm,SO-2,Ohio,05:14.5,26:03.5,,LIVE IN LOU
169,Samsun Weldemichael,FR-1,Northern Kentucky,05:14.6,26:04.2,149,LIVE IN LOU
170,Collin Houg,FR-1,Cedarville,05:14.7,26:04.5,150,LIVE IN LOU
171,Nathan Ruth,FR-1,Northern Kentucky,05:14.8,26:05.0,151,LIVE IN LOU
172,Aidan Armstrong,JR-3,North Central (Ill.),05:15.0,26:05.9,,LIVE IN LOU
173,Chinmay Dongari,SR-4,Mercer,05:15.5,26:08.3,152,LIVE IN LOU
174,Angel Solis,JR-3,Illinois-Chicago,05:15.6,26:09.0,,LIVE IN LOU
175,Chip Smith,SO-2,Louisville,05:15.7,26:09.7,153,LIVE IN LOU
176,Connor Wertman,SR-4,Ohio,05:15.8,26:10.1,,LIVE IN LOU
177,Grayson Young,JR-3,Arkansas State,05:15.9,26:10.6,154,LIVE IN LOU
178,Kaigen Mulkey,SR-4,Chattanooga,05:16.1,26:11.5,155,LIVE IN LOU
179,Joseph Shaya,SR-4,Oakland,05:16.2,26:11.9,156,LIVE IN LOU
180,Chase Austin,SO-2,Bellarmine,05:16.2,26:12.0,,LIVE IN LOU
181,Hunter Griffin,SR-4,Bellarmine,05:16.6,26:14.2,,LIVE IN LOU
182,Cale Schafer,SR-4,Northern Colorado,05:16.8,26:15.1,157,LIVE IN LOU
183,Samuel Martini,FR-1,Wayne State (Mich.),05:16.9,26:15.5,158,LIVE IN LOU
184,Robert Dawson,JR-3,Tennessee Tech,05:16.9,26:15.5,159,LIVE IN LOU
185,Jack Ballard,FR-1,Bellarmine,05:16.9,26:15.6,,LIVE IN LOU
186,Nate Lewis,SO-2,Cedarville,05:17.0,26:15.7,160,LIVE IN LOU
187,Nolan Pedota,SO-2,East Tenn. St.,05:17.3,26:17.6,161,LIVE IN LOU
188,John Duvall,SO-2,Marshall,05:17.4,26:18.1,162,LIVE IN LOU
189,Ashton Beverly,SO-2,Rio Grande,05:17.5,26:18.7,163,LIVE IN LOU
190,Bradley Ahrens,JR-3,Eastern Illinois,05:17.7,26:19.2,,LIVE IN LOU
191,Tristan Gould,SO-2,Chattanooga,05:17.7,26:19.6,164,LIVE IN LOU
192,Jimmy Dillabaugh,SO-2,Bellarmine,05:17.9,26:20.3,,LIVE IN LOU
193,Matthew Dunsworth,SO-2,Arkansas State,05:18.0,26:20.7,,LIVE IN LOU
194,Christian Collis,SR-4,Oakland,05:18.0,26:20.9,,LIVE IN LOU
195,Nick Frye,SO-2,Mercer,05:18.1,26:21.3,165,LIVE IN LOU
196,Miquel Fons,FR-1,Flagler,05:18.2,26:21.7,,LIVE IN LOU
197,Ryder Crawford,FR-1,Rio Grande,05:18.3,26:22.5,166,LIVE IN LOU
198,Tyler Hayes,JR-3,Charleston (W.V.),05:18.5,26:23.3,167,LIVE IN LOU
199,Joseph Merrill,SO-2,Cedarville,05:18.9,26:25.1,,LIVE IN LOU
200,Ethan Black,SR-4,Eastern Illinois,05:18.9,26:25.6,,LIVE IN LOU
201,Ian Etheridge,FR-1,Chattanooga,05:19.1,26:26.6,,LIVE IN LOU
202,Seth Davis,SR-4,Ohio,05:19.6,26:29.0,,LIVE IN LOU
203,Connor Darnell,FR-1,Shawnee State,05:19.8,26:29.6,168,LIVE IN LOU
204,Tyler Brothers,FR-1,Wayne State (Mich.),05:19.9,26:30.5,169,LIVE IN LOU
205,Mugisha Pomossene,JR-3,Rio Grande,05:19.9,26:30.5,,LIVE IN LOU
206,Peyton Millwood,JR-3,Mercer,05:20.0,26:30.7,170,LIVE IN LOU
207,Payton Domagalski,JR-3,Olivet Nazarene,05:20.0,26:31.1,,LIVE IN LOU
208,Noah Osmond,SO-2,Northern Colorado,05:20.1,26:31.1,171,LIVE IN LOU
209,Ryan Burchett,JR-3,Bellarmine,05:20.2,26:31.9,,LIVE IN LOU
210,Colin Everett,FR-1,East Tenn. St.,05:20.3,26:32.5,172,LIVE IN LOU
211,Mateo Mendez,SO-2,Louisville,05:20.4,26:32.7,173,LIVE IN LOU
212,Dante Torres,FR-1,Tennessee Tech,05:20.5,26:33.3,174,LIVE IN LOU
213,William Hartig,JR-3,East Tenn. St.,05:20.6,26:33.7,175,LIVE IN LOU
214,Carson Lehman,FR-1,Olivet Nazarene,05:20.6,26:33.8,,LIVE IN LOU
215,Summit Northrup,JR-3,Northern Kentucky,05:20.7,26:34.5,176,LIVE IN LOU
216,Colton Magnuson,SR-4,Northern Colorado,05:21.6,26:38.6,177,LIVE IN LOU
217,Andrew Moore,FR-1,Chattanooga,05:22.0,26:40.7,,LIVE IN LOU
218,John Young,FR-1,Rio Grande,05:22.3,26:42.2,,LIVE IN LOU
219,Sherjeel Khan,FR-1,Bellarmine,05:22.4,26:42.6,,LIVE IN LOU
220,Jared Platt,SO-2,Wayne State (Mich.),05:22.6,26:43.6,,LIVE IN LOU
221,Jacob Messer,JR-3,Northern Kentucky,05:22.8,26:44.6,178,LIVE IN LOU
222,Hayden Waleski,FR-1,East Tenn. St.,05:22.9,26:45.2,179,LIVE IN LOU
223,Brady Miller,SO-2,Charleston (W.V.),05:23.1,26:46.3,,LIVE IN LOU
224,Kolson Kytta,JR-3,Cedarville,05:23.7,26:49.2,,LIVE IN LOU
225,Jerry O'Dell,SO-2,Shawnee State,05:23.7,26:49.4,180,LIVE IN LOU
226,Caden LaRue,FR-1,Shawnee State,05:23.8,26:49.9,,LIVE IN LOU
227,Brady Kataoka,FR-1,Illinois-Chicago,05:24.2,26:51.6,,LIVE IN LOU
228,Isaac Legault,JR-3,Tennessee Tech,05:24.4,26:52.8,181,LIVE IN LOU
229,Camden Johnecheck,SO-2,Cedarville,05:25.0,26:55.9,,LIVE IN LOU
230,Nathaniel Schneider,JR-3,Marshall,05:25.3,26:57.0,182,LIVE IN LOU
231,Chris Levario,JR-3,Olivet Nazarene,05:25.4,26:57.9,,LIVE IN LOU
232,Will Herlihy,FR-1,Mercer,05:26.0,27:00.8,,LIVE IN LOU
233,Bryan Stoltzfus,SR-4,Northern Kentucky,05:26.1,27:01.1,,LIVE IN LOU
234,Mason Stoeger,JR-3,Eastern Illinois,05:26.6,27:03.5,,LIVE IN LOU
235,Kaden Smith,SO-2,Olivet Nazarene,05:26.8,27:04.6,,LIVE IN LOU
236,Andrew Mason,JR-3,Arkansas State,05:27.1,27:06.3,,LIVE IN LOU
237,Carter Lipscomb,JR-3,Charleston (W.V.),05:28.2,27:11.8,,LIVE IN LOU
238,Alex Zuckett,JR-3,Ohio,05:28.2,27:11.9,,LIVE IN LOU
239,Salah Farah,FR-1,Bellarmine,05:30.2,27:21.6,,LIVE IN LOU
240,Toby Sneed,FR-1,Olivet Nazarene,05:30.4,27:22.7,,LIVE IN LOU
241,Kyle Lightner,SR-4,Rio Grande,05:30.8,27:24.3,,LIVE IN LOU
242,Robert Wilke,FR-1,Northern Kentucky,05:30.9,27:24.9,,LIVE IN LOU
243,Hagan Russell,FR-1,Mercer,05:30.9,27:25.0,,LIVE IN LOU
244,Nate Wheatley,SO-2,Bellarmine,05:31.2,27:26.7,,LIVE IN LOU
245,JB Terrill,JR-3,Louisville,05:31.8,27:29.4,183,LIVE IN LOU
246,Zachary Cader,JR-3,Louisville,05:31.8,27:29.4,184,LIVE IN LOU
247,Michael Dellasanta,FR-1,Ohio,05:31.9,27:30.1,,LIVE IN LOU
248,Sebasthian Rodriguez,SR-4,Mercer,05:32.4,27:32.4,,LIVE IN LOU
249,Forrest Gago,FR-1,Bellarmine,05:32.4,27:32.5,,LIVE IN LOU
250,Reese DeVriendt,FR-1,Olivet Nazarene,05:32.8,27:34.5,,LIVE IN LOU
251,Owen Mathews,SR-4,Northern Kentucky,05:33.0,27:35.6,,LIVE IN LOU
252,Zach Cannon,SO-2,Marshall,05:33.7,27:39.0,185,LIVE IN LOU
253,Levi Johnson,FR-1,Olivet Nazarene,05:33.8,27:39.5,,LIVE IN LOU
254,Dylan Steele,SR-4,Northern Colorado,05:34.0,27:40.5,186,LIVE IN LOU
255,Braeden Elswick,SO-2,Marshall,05:34.7,27:43.8,187,LIVE IN LOU
256,Peter Dalmares,SR-4,Bellarmine,05:35.8,27:49.3,,LIVE IN LOU
257,Noah Pease,SR-4,Northern Kentucky,05:35.8,27:49.6,,LIVE IN LOU
258,Hunter Kenney,JR-3,Northern Colorado,05:40.9,28:14.7,188,LIVE IN LOU
259,Drew Belardo,JR-3,Bellarmine,05:41.2,28:16.5,,LIVE IN LOU
260,Nicholas Costas,SO-2,Northern Kentucky,05:42.6,28:23.3,,LIVE IN LOU
261,Brayden Rice,SO-2,Northern Kentucky,05:42.7,28:23.9,,LIVE IN LOU
262,Gregory Beard,FR-1,Northern Kentucky,05:43.3,28:26.6,,LIVE IN LOU
263,Damien Dixon,FR-1,Northern Kentucky,05:43.4,28:27.1,,LIVE IN LOU
264,Cash Coggins,SO-2,Chattanooga,05:43.7,28:28.5,,LIVE IN LOU
265,Forest MacKenzie,SR-4,Louisville,05:44.1,28:30.9,189,LIVE IN LOU
266,William Huddleston,SO-2,Illinois-Chicago,05:47.5,28:47.7,,LIVE IN LOU
267,Alex Bonilla,FR-1,Olivet Nazarene,05:50.5,29:02.4,,LIVE IN LOU
268,Kamryn Golub,SO-2,Northern Colorado,05:53.7,29:18.2,190,LIVE IN LOU
269,Sam Bridges,FR-1,Tennessee Tech,05:54.8,29:23.7,191,LIVE IN LOU
270,Noah Slone,SR-4,Northern Kentucky,06:11.6,30:47.6,,LIVE IN LOU
271,Austin Hawkins,FR-1,Northern Kentucky,06:13.2,30:55.4,,LIVE IN LOU
0,Noah McMurtrey,JR-3,Arkansas State,,DNF,,LIVE IN LOU
0,Luke Goode,FR-1,Marshall,,DNF,,LIVE IN LOU
0,Chance Bloodworth,FR-1,Clemson,,DNF,,LIVE IN LOU
0,Ben Kenner,JR-3,East Tenn. St.,,DNF,,LIVE IN LOU
0,Ian Hill,SO-2,Michigan,,DNF,,LIVE IN LOU
0,Dylan Christian,JR-3,Louisville,,DNF,,LIVE IN LOU
0,James Hyland,SR-4,Tennessee Tech,,DNF,,LIVE IN LOU
0,Miceal McCaul,SR-4,Tennessee Tech,,DNF,,LIVE IN LOU
,,,,,,,LIVE IN LOU
,,,,,,,LIVE IN LOU
,,,,,,,LIVE IN LOU
PL,NAME,YEAR,TEAM,Avg. Mile,TIME,SCORE,LIVE IN LOU
1,Kennedy Bett,FR-1,Cumberland (Tenn.),04:55.0,24:26.3,1,LIVE IN LOU
2,Dominic Malel,FR-1,Campbellsville,04:55.7,24:29.9,2,LIVE IN LOU
3,Ronan O'Neill,JR-3,Southern Wesleyan,04:58.2,24:42.5,3,LIVE IN LOU
4,Trevor Nolan,SR-4,Xavier (Ohio),04:58.9,24:45.7,4,LIVE IN LOU
5,Josh Otten,JR-3,Detroit Mercy,04:59.5,24:48.8,5,LIVE IN LOU
6,Cesc Boix,FR-1,Eastern Kentucky,05:00.0,24:51.6,,LIVE IN LOU
7,Jacob Kocis,SR-4,Midway,05:01.1,24:56.8,6,LIVE IN LOU
8,Moritz Kleesiek,SO-2,Charlotte,05:02.3,25:03.1,7,LIVE IN LOU
9,Mylan Nocton,JR-3,Indiana East,05:02.9,25:06.0,8,LIVE IN LOU
10,Samuel Lea,SO-2,Evansville,05:03.1,25:06.9,9,LIVE IN LOU
11,Cooper Sorsen,JR-3,Ferris State,05:03.2,25:07.1,10,LIVE IN LOU
12,Rafael Rodriguez,SO-2,Evansville,05:04.1,25:11.8,11,LIVE IN LOU
13,Christopher Lucas,JR-3,Xavier (Ohio),05:04.7,25:14.9,12,LIVE IN LOU
14,Ian Rouse,FR-1,Charlotte,05:04.8,25:15.2,13,LIVE IN LOU
15,Connor Vachon,SR-4,Hope,05:05.1,25:16.8,14,LIVE IN LOU
16,Will Garey,SR-4,Xavier (Ohio),05:05.2,25:17.5,15,LIVE IN LOU
17,Drew Allen,SR-4,Xavier (Ohio),05:05.4,25:18.4,16,LIVE IN LOU
18,Casey Padgett,SR-4,Duquesne,05:05.6,25:19.1,17,LIVE IN LOU
19,Colten Morris,SR-4,Robert Morris,05:05.9,25:20.8,18,LIVE IN LOU
20,Tyler Guthrie,SR-4,SIU Edwardsville,05:06.4,25:23.3,19,LIVE IN LOU
21,Stephen Fernetti,FR-1,Charlotte,05:06.5,25:23.7,20,LIVE IN LOU
22,Lukas Smithson,SR-4,Campbellsville,05:07.4,25:28.0,21,LIVE IN LOU
23,Neil Letellier,SR-4,Xavier (Ohio),05:07.4,25:28.2,22,LIVE IN LOU
24,Benjamin Shields,FR-1,Duquesne,05:07.8,25:30.1,23,LIVE IN LOU
25,Dalton Benefield,SO-2,Auburn Montgomery,05:07.8,25:30.3,24,LIVE IN LOU
26,Nathan Geyer,SO-2,Charlotte,05:08.1,25:31.7,25,LIVE IN LOU
27,Josiah Kocis,SR-4,Midway,05:08.2,25:32.2,26,LIVE IN LOU
28,Ethan Davis,SR-4,SCAD Savannah,05:08.3,25:32.7,27,LIVE IN LOU
29,Joel Forbes,JR-3,Cumberland (Tenn.),05:08.5,25:33.7,28,LIVE IN LOU
30,Benjamin Goulet,SR-4,Longwood,05:09.0,25:36.1,29,LIVE IN LOU
31,Nathaniel Woshner,JR-3,Duquesne,05:09.1,25:36.9,30,LIVE IN LOU
32,Jacob Kluckhohn,SR-4,North Central (Ill.),05:09.2,25:37.4,31,LIVE IN LOU
33,Martin Batel,FR-1,Campbellsville,05:09.5,25:38.4,32,LIVE IN LOU
34,Logan Zahn,FR-1,Lansing CC,05:09.6,25:39.2,33,LIVE IN LOU
35,Jackson Burch,SO-2,Charlotte,05:09.7,25:39.7,34,LIVE IN LOU
36,Ian Petruska,SO-2,Hope,05:09.7,25:39.8,35,LIVE IN LOU
37,Carson Milner,SO-2,Midway,05:09.8,25:40.1,36,LIVE IN LOU
38,Harrison Cunningham,FR-1,Xavier (Ohio),05:10.0,25:41.0,37,LIVE IN LOU
39,Carston Cole,JR-3,Hope,05:10.0,25:41.1,38,LIVE IN LOU
40,Jordyn Dillavou,JR-3,Longwood,05:10.2,25:41.9,39,LIVE IN LOU
41,Jackson Triplett,JR-3,Xavier (Ohio),05:10.4,25:42.9,40,LIVE IN LOU
42,Ishaan Patel,SR-4,North Central (Ill.),05:10.6,25:44.1,41,LIVE IN LOU
43,Mason Stewart,SO-2,Duquesne,05:10.7,25:44.6,42,LIVE IN LOU
44,Logan Begeman,FR-1,Hope,05:10.8,25:44.9,43,LIVE IN LOU
45,Sam Shimanskiy,JR-3,USC Upstate,05:10.9,25:45.8,44,LIVE IN LOU
46,Alex Benkart,SO-2,North Central (Ill.),05:11.0,25:46.2,45,LIVE IN LOU
47,Ryan Paris,JR-3,Robert Morris,05:11.1,25:46.6,46,LIVE IN LOU
48,Max Heins,SO-2,SCAD Savannah,05:11.5,25:48.7,47,LIVE IN LOU
49,Tyler Paszkowski,JR-3,Robert Morris,05:11.7,25:49.6,48,LIVE IN LOU
50,Ian Kelbert,JR-3,USC Upstate,05:11.7,25:49.8,49,LIVE IN LOU
51,Andrew Moore,SO-2,Eastern Kentucky,05:11.8,25:49.9,,LIVE IN LOU
52,Ryan Ososki,JR-3,Ferris State,05:12.0,25:51.1,50,LIVE IN LOU
53,Daniel Puckett,SO-2,Freed-Hardeman,05:12.2,25:52.2,51,LIVE IN LOU
54,Dylan Ellis,FR-1,Murray State,05:12.3,25:52.5,52,LIVE IN LOU
55,Cameron Nocton,JR-3,Indiana East,05:12.6,25:54.2,53,LIVE IN LOU
56,Teagen Rodriguez,JR-3,Indiana East,05:12.8,25:55.1,54,LIVE IN LOU
57,Holden Hough,FR-1,Southern Indiana,05:13.0,25:56.0,55,LIVE IN LOU
58,Eric Board,JR-3,Xavier (Ohio),05:13.0,25:56.3,,LIVE IN LOU
59,Tommaso Losma,SO-2,Evansville,05:13.3,25:57.4,56,LIVE IN LOU
60,Luke Droz,JR-3,Lawrence Tech,05:13.8,26:00.0,57,LIVE IN LOU
61,Seth Grogan,FR-1,Auburn Montgomery,05:14.0,26:00.9,58,LIVE IN LOU
62,Finn McKee,SO-2,Charlotte,05:14.1,26:01.5,59,LIVE IN LOU
63,Ryan Belanger,FR-1,Detroit Mercy,05:14.2,26:02.0,60,LIVE IN LOU
64,Jesse Carson,FR-1,Lansing CC,05:14.2,26:02.0,61,LIVE IN LOU
65,Zach Avenel,JR-3,Xavier (Ohio),05:14.3,26:02.6,,LIVE IN LOU
66,Gavin Vansolkema,JR-3,Ferris State,05:14.5,26:03.4,62,LIVE IN LOU
67,Aiden Amshoff,JR-3,Xavier (Ohio),05:14.6,26:04.2,,LIVE IN LOU
68,Owen Dare,JR-3,North Central (Ill.),05:14.7,26:04.6,63,LIVE IN LOU
69,Axton Fosnaugh,FR-1,Indiana East,05:14.9,26:05.5,64,LIVE IN LOU
70,Jarod Willis,SR-4,Murray State,05:15.2,26:06.8,65,LIVE IN LOU
71,Edwin Kigen,JR-3,Cumberland (Tenn.),05:15.3,26:07.6,66,LIVE IN LOU
72,Donovan Slattery,SR-4,SCAD Savannah,05:15.4,26:08.2,67,LIVE IN LOU
73,Jake Younger,FR-1,Western Kentucky,05:15.6,26:09.1,68,LIVE IN LOU
74,Ryan Keeton,SR-4,Union (Tenn.),05:15.8,26:09.8,69,LIVE IN LOU
75,Kyle Nofziger,JR-3,North Central (Ill.),05:15.9,26:10.3,70,LIVE IN LOU
76,Cooper Jacobsen,FR-1,Hope,05:15.9,26:10.4,71,LIVE IN LOU
77,Ben Knuth,SO-2,Ferris State,05:16.0,26:11.2,72,LIVE IN LOU
78,Woody Burrell,SO-2,Evansville,05:16.2,26:11.8,73,LIVE IN LOU
79,Jackson Edwards,SR-4,SIU Edwardsville,05:16.2,26:12.0,74,LIVE IN LOU
80,Chad Perrine,JR-3,Hope,05:16.5,26:13.6,75,LIVE IN LOU
81,Hunter Assenmacher,SR-4,Lawrence Tech,05:16.6,26:14.0,76,LIVE IN LOU
82,Ben Colli,JR-3,Duquesne,05:16.7,26:14.5,77,LIVE IN LOU
83,Liam King,SR-4,Young Harris,05:16.7,26:14.7,78,LIVE IN LOU
84,Elias Kretchmar,FR-1,Hope,05:16.8,26:14.8,79,LIVE IN LOU
85,Nathan Wentling,SO-2,Robert Morris,05:16.8,26:15.1,80,LIVE IN LOU
86,Adam Oulgout,SR-4,Evansville,05:16.9,26:15.3,81,LIVE IN LOU
87,Roman Galioto,SO-2,Robert Morris,05:17.5,26:18.3,82,LIVE IN LOU
88,Noah Griffith,SR-4,Ferris State,05:17.5,26:18.3,83,LIVE IN LOU
89,Jonathan Harlow,SR-4,Hope,05:17.9,26:20.2,,LIVE IN LOU
90,Bryce Chamberlin,SO-2,North Central (Ill.),05:17.9,26:20.6,84,LIVE IN LOU
91,Christopher Russelburg,SO-2,Detroit Mercy,05:18.0,26:20.8,85,LIVE IN LOU
92,Lucas Guidone,SR-4,Hope,05:18.0,26:20.9,,LIVE IN LOU
93,Brayden Figgins,FR-1,Young Harris,05:18.0,26:21.0,86,LIVE IN LOU
94,Chris Kardos,FR-1,Xavier (Ohio),05:18.0,26:21.1,,LIVE IN LOU
95,Richard Bower,JR-3,Indiana East,05:18.3,26:22.3,87,LIVE IN LOU
96,Bo Scott,JR-3,Freed-Hardeman,05:18.3,26:22.6,88,LIVE IN LOU
97,Jared Sandfoss,SO-2,Western Kentucky,05:18.5,26:23.5,89,LIVE IN LOU
98,Daniel Campbell,SR-4,Hope,05:18.5,26:23.6,,LIVE IN LOU
99,Cedrik Flipo,SO-2,Evansville,05:18.7,26:24.6,90,LIVE IN LOU
100,Barrett Poe,SO-2,Freed-Hardeman,05:19.0,26:25.7,91,LIVE IN LOU
101,Tom Schroeder,JR-3,SCAD Savannah,05:19.1,26:26.5,92,LIVE IN LOU
102,Anthony Ciecierski,FR-1,Duquesne,05:19.2,26:26.7,93,LIVE IN LOU
103,Dakota Brady,SR-4,Campbellsville,05:19.2,26:27.0,94,LIVE IN LOU
104,Tristan Kelly,SR-4,Union (Tenn.),05:19.3,26:27.3,95,LIVE IN LOU
105,Gabe Herron,SR-4,USC Upstate,05:19.3,26:27.3,96,LIVE IN LOU
106,Jean-Benoit Merte,SR-4,Campbellsville,05:19.5,26:28.3,97,LIVE IN LOU
107,Gabe Russell,SO-2,Murray State,05:19.8,26:30.0,98,LIVE IN LOU
108,Samuel de la Riva,SO-2,Duquesne,05:20.3,26:32.6,99,LIVE IN LOU
109,Connor Stoots,SR-4,Auburn Montgomery,05:20.7,26:34.1,100,LIVE IN LOU
110,Hollis Johnson,JR-3,Western Kentucky,05:20.8,26:34.8,101,LIVE IN LOU
111,Owen Christy,SO-2,North Central (Ill.),05:21.0,26:35.8,102,LIVE IN LOU
112,Brady Thomas,SR-4,Auburn Montgomery,05:21.0,26:35.9,103,LIVE IN LOU
113,Carter Walsman,SO-2,Indiana East,05:21.0,26:36.0,104,LIVE IN LOU
114,Akot Tong,FR-1,Indiana East,05:21.1,26:36.1,105,LIVE IN LOU
115,Silas Smith,FR-1,Lawrence Tech,05:21.1,26:36.5,106,LIVE IN LOU
116,Owen Dressler,FR-1,Robert Morris,05:21.2,26:36.8,107,LIVE IN LOU
117,Tyler King,SR-4,Hope,05:21.3,26:37.4,,LIVE IN LOU
118,Michael Banks,FR-1,Auburn Montgomery,05:21.4,26:38.0,108,LIVE IN LOU
119,Drew Jones,JR-3,Southern Wesleyan,05:21.8,26:39.7,109,LIVE IN LOU
120,JJ Varner,JR-3,Cedarville,05:21.8,26:40.0,110,LIVE IN LOU
121,Kenny Lashaway,SR-4,Detroit Mercy,05:21.8,26:40.0,111,LIVE IN LOU
122,Jacob Bayes,FR-1,Robert Morris,05:22.0,26:40.6,112,LIVE IN LOU
123,Kaden Reeder,JR-3,Southern Wesleyan,05:22.0,26:40.6,113,LIVE IN LOU
124,Aaron Bowerman,JR-3,Ferris State,05:22.1,26:41.2,114,LIVE IN LOU
125,Elliott Hughes,SR-4,Cumberland (Tenn.),05:22.4,26:42.7,115,LIVE IN LOU
126,Aiden Janes,FR-1,Lansing CC,05:22.5,26:43.2,116,LIVE IN LOU
127,Aidan Peterson,SR-4,Cedarville,05:22.7,26:44.3,117,LIVE IN LOU
128,Myles Smithson,JR-3,Campbellsville,05:22.8,26:44.8,118,LIVE IN LOU
129,Will Negley,FR-1,Xavier (Ohio),05:23.0,26:45.6,,LIVE IN LOU
130,Ben March,FR-1,Lansing CC,05:23.0,26:46.0,119,LIVE IN LOU
131,Chase Dietrich,JR-3,Lawrence Tech,05:23.2,26:47.0,120,LIVE IN LOU
132,Jacob Bonnar,FR-1,Duquesne,05:23.3,26:47.1,,LIVE IN LOU
133,Josiah Burr,SR-4,Detroit Mercy,05:23.5,26:48.1,121,LIVE IN LOU
134,Caleb Wynn,FR-1,Detroit Mercy,05:23.5,26:48.4,122,LIVE IN LOU
135,Jack Barnhisel,JR-3,Duquesne,05:24.0,26:50.6,,LIVE IN LOU
136,Conner Uppleger,SR-4,Lawrence Tech,05:24.1,26:51.1,123,LIVE IN LOU
137,Wade Balcom,JR-3,Western Kentucky,05:24.3,26:52.2,124,LIVE IN LOU
138,Saad Khan,SR-4,Longwood,05:24.3,26:52.3,125,LIVE IN LOU
139,Lucas Hopkins,FR-1,Lansing CC,05:24.4,26:52.7,126,LIVE IN LOU
140,Cameron Bogdan,SO-2,Duquesne,05:24.4,26:53.0,,LIVE IN LOU
141,Erickson Kunzler,JR-3,Hope,05:24.5,26:53.2,,LIVE IN LOU
142,Trevor Hudnall,SO-2,Western Kentucky,05:24.5,26:53.3,127,LIVE IN LOU
143,Conner Walser,FR-1,Indiana East,05:24.7,26:54.0,,LIVE IN LOU
144,Michael House,SO-2,Western Kentucky,05:24.7,26:54.1,128,LIVE IN LOU
145,Austin Dezwart,FR-1,Young Harris,05:25.1,26:56.2,129,LIVE IN LOU
146,Sam Bennett,SR-4,Campbellsville,05:25.1,26:56.4,130,LIVE IN LOU
147,Logan Luttrell,FR-1,SIU Edwardsville,05:25.3,26:57.2,131,LIVE IN LOU
148,Nicholas Yaquinto,FR-1,Detroit Mercy,05:25.3,26:57.3,132,LIVE IN LOU
149,Michael Allen,FR-1,Lansing CC,05:25.4,26:57.8,133,LIVE IN LOU
150,Noah Mason,JR-3,Young Harris,05:25.5,26:58.0,134,LIVE IN LOU
151,Eric Perry,SO-2,USC Upstate,05:25.5,26:58.3,135,LIVE IN LOU
152,Hayden Mullett,SR-4,Grace,05:25.5,26:58.4,136,LIVE IN LOU
153,James Couch,FR-1,Robert Morris,05:26.1,27:01.4,,LIVE IN LOU
154,Wyatt Beck,JR-3,Indiana East,05:26.4,27:02.6,,LIVE IN LOU
155,Sean Sanchez,FR-1,Mars Hill,05:26.7,27:04.1,137,LIVE IN LOU
156,Josh Oom,SO-2,Ferris State,05:26.9,27:05.0,138,LIVE IN LOU
157,Tanner Emerson,FR-1,SIU Edwardsville,05:27.0,27:05.4,139,LIVE IN LOU
158,Tyler Pfefferkorn,FR-1,Western Kentucky,05:27.1,27:06.0,140,LIVE IN LOU
159,Jeremy Bavaro,SO-2,Cedarville,05:27.3,27:07.4,141,LIVE IN LOU
160,Finn Christensen-Kraft,FR-1,Cedarville,05:27.4,27:07.6,142,LIVE IN LOU
161,Brandon McNulty,FR-1,Mars Hill,05:27.4,27:07.7,143,LIVE IN LOU
162,Nathan Quinn,SR-4,Murray State,05:27.8,27:09.7,144,LIVE IN LOU
163,Brayden Kaelin,FR-1,Campbellsville,05:27.9,27:10.1,,LIVE IN LOU
164,Carter Dean,SO-2,Hope,05:28.0,27:10.5,,LIVE IN LOU
165,Alexander Potter,FR-1,Young Harris,05:28.1,27:11.0,145,LIVE IN LOU
166,Magnus Polkner,FR-1,Wheeling,05:28.1,27:11.2,,LIVE IN LOU
167,Koda Brandt,SO-2,Lansing CC,05:28.2,27:11.7,146,LIVE IN LOU
168,Mark Foster,SR-4,Auburn Montgomery,05:28.2,27:11.7,147,LIVE IN LOU
169,Cates Duncan,FR-1,Western Kentucky,05:28.5,27:13.1,,LIVE IN LOU
170,Nathan Alford,SR-4,Ferris State,05:28.6,27:13.4,,LIVE IN LOU
171,Drew Williams,SR-4,Freed-Hardeman,05:28.7,27:14.2,148,LIVE IN LOU
172,Lewis Kaufmann,JR-3,Southern Indiana,05:28.7,27:14.3,149,LIVE IN LOU
173,Tristan Ashley,JR-3,Hope,05:28.8,27:14.7,,LIVE IN LOU
174,KJ Popiel,SO-2,Detroit Mercy,05:28.9,27:15.2,,LIVE IN LOU
175,Grady Clark,SO-2,Southern Wesleyan,05:29.4,27:17.7,150,LIVE IN LOU
176,Matteo Abel,FR-1,Cumberland (Tenn.),05:29.4,27:17.8,151,LIVE IN LOU
177,Joey Schwindt,SO-2,Lansing CC,05:29.6,27:18.6,,LIVE IN LOU
178,Brexton Hathaway,FR-1,Auburn Montgomery,05:29.6,27:18.6,152,LIVE IN LOU
179,DeAndre Hall,JR-3,Indiana East,05:29.8,27:19.6,,LIVE IN LOU
180,Julian Edwards,SO-2,Lansing CC,05:29.9,27:20.2,,LIVE IN LOU
181,Clinton Clancy,SO-2,Longwood,05:30.0,27:20.4,153,LIVE IN LOU
182,Daniel Schalk,JR-3,Murray State,05:30.1,27:20.8,154,LIVE IN LOU
183,Graeson Lawrence,FR-1,Lawrence Tech,05:30.1,27:21.1,155,LIVE IN LOU
184,Connor Herold,SO-2,USC Upstate,05:30.1,27:21.3,156,LIVE IN LOU
185,Andrew Potter,FR-1,Evansville,05:30.3,27:22.1,157,LIVE IN LOU
186,Jason Heusinger,FR-1,USC Upstate,05:30.4,27:22.3,158,LIVE IN LOU
187,Jeb Hamilton,FR-1,Union (Tenn.),05:30.4,27:22.4,159,LIVE IN LOU
188,Nick Brooks,FR-1,USC Upstate,05:30.4,27:22.4,160,LIVE IN LOU
189,Griffin Armbrustmacher,JR-3,Lawrence Tech,05:30.4,27:22.6,161,LIVE IN LOU
190,Louis Starr,FR-1,Charleston (W.V.),05:30.9,27:24.8,,LIVE IN LOU
191,Blake Ferguson,FR-1,Ferris State,05:31.4,27:27.3,,LIVE IN LOU
192,Matthew Schrauben,FR-1,Lansing CC,05:31.6,27:28.4,,LIVE IN LOU
193,Ben Scott,SO-2,Ferris State,05:31.6,27:28.7,,LIVE IN LOU
194,Levi Robinson,SR-4,Cedarville,05:31.9,27:29.8,162,LIVE IN LOU
195,Landon Mayfield,JR-3,Southern Wesleyan,05:32.1,27:31.2,163,LIVE IN LOU
196,Gabe Reynolds,FR-1,Indiana East,05:32.4,27:32.6,,LIVE IN LOU
197,Chris Post,SR-4,USC Upstate,05:32.8,27:34.6,,LIVE IN LOU
198,Gavin Thompson,SO-2,Southern Indiana,05:33.0,27:35.3,164,LIVE IN LOU
199,Shane Levesque,SO-2,Wheeling,05:33.0,27:35.3,,LIVE IN LOU
200,Cameron Pierce,SO-2,Lansing CC,05:33.2,27:36.6,,LIVE IN LOU
201,Parker Smith,FR-1,Western Kentucky,05:33.3,27:37.0,,LIVE IN LOU
202,D'Andre Watson,JR-3,SIU Edwardsville,05:33.5,27:38.0,165,LIVE IN LOU
203,Ryun Hoffert,SO-2,Grace,05:33.5,27:38.0,166,LIVE IN LOU
204,Kadin McAllister,FR-1,Evansville,05:33.6,27:38.4,,LIVE IN LOU
205,Eli Taylor,FR-1,Mars Hill,05:33.8,27:39.6,167,LIVE IN LOU
206,Trevor Billingsley,JR-3,Cedarville,05:34.1,27:41.2,168,LIVE IN LOU
207,Ethan Pettyjohn,SR-4,Longwood,05:34.2,27:41.3,169,LIVE IN LOU
208,Aaron Smith,SO-2,Campbellsville,05:34.3,27:41.7,,LIVE IN LOU
209,Micah Katz,FR-1,Cedarville,05:34.3,27:42.0,170,LIVE IN LOU
210,Conner Fountain,FR-1,Lansing CC,05:34.7,27:44.1,,LIVE IN LOU
211,Tim Peterson,SO-2,Hope,05:34.9,27:44.8,,LIVE IN LOU
212,Taylor Plank,SO-2,Cedarville,05:35.3,27:47.0,,LIVE IN LOU
213,David Fuller,SR-4,SCAD Savannah,05:35.3,27:47.1,171,LIVE IN LOU
214,Blake Brown,JR-3,Freed-Hardeman,05:35.6,27:48.5,172,LIVE IN LOU
215,Samuel Larson,SO-2,Campbellsville,05:35.6,27:48.6,,LIVE IN LOU
216,Ashwin Philip,SR-4,Detroit Mercy,05:36.0,27:50.3,,LIVE IN LOU
217,Ryan Allspach,SR-4,Hope,05:36.1,27:50.9,,LIVE IN LOU
218,Denis Kale,SO-2,Indiana East,05:36.2,27:51.5,,LIVE IN LOU
219,Nathan Garrett,FR-1,Cedarville,05:36.2,27:51.6,,LIVE IN LOU
220,Caleb Cook,SR-4,Union (Tenn.),05:36.3,27:51.7,173,LIVE IN LOU
221,John Young,FR-1,Grace,05:36.3,27:51.7,174,LIVE IN LOU
222,Matthew O'Connor,FR-1,Mars Hill,05:36.4,27:52.2,175,LIVE IN LOU
223,Douglas Dillman,FR-1,Grace,05:36.4,27:52.2,176,LIVE IN LOU
224,Misha Wiley,SR-4,Longwood,05:36.4,27:52.3,177,LIVE IN LOU
225,Andrew Baum,SO-2,Young Harris,05:36.5,27:52.8,178,LIVE IN LOU
226,Andrew Spencer,Senior,Cedarville,05:36.7,27:54.0,,LIVE IN LOU
227,Javier Roldan,JR-3,Longwood,05:36.9,27:54.7,179,LIVE IN LOU
228,Caleb Richardson,FR-1,Southern Wesleyan,05:37.0,27:55.2,180,LIVE IN LOU
229,Max Lewis,FR-1,Hope,05:37.1,27:55.7,,LIVE IN LOU
230,Ethan Garcia,JR-3,Cumberland (Tenn.),05:37.2,27:56.5,181,LIVE IN LOU
231,Joshua Kocis,SO-2,Midway,05:37.7,27:58.9,182,LIVE IN LOU
232,Kellen Hottell,SO-2,Murray State,05:37.7,27:59.0,183,LIVE IN LOU
233,Owen Cuplin,SO-2,Evansville,05:37.9,27:59.9,,LIVE IN LOU
234,Joe Waalkes,FR-1,Hope,05:38.3,28:01.9,,LIVE IN LOU
235,Cullen Krieg,SO-2,SIU Edwardsville,05:38.4,28:02.5,184,LIVE IN LOU
236,Ben Crask,SO-2,Murray State,05:38.5,28:02.8,185,LIVE IN LOU
237,Andrew Pace,FR-1,Southern Indiana,05:38.6,28:03.5,186,LIVE IN LOU
238,Christopher Sullivan,SO-2,Young Harris,05:38.7,28:03.8,187,LIVE IN LOU
239,Ethan Grevengoed,SO-2,Hope,05:38.7,28:03.9,,LIVE IN LOU
240,Shane Pitcher,SO-2,Hope,05:39.3,28:06.9,,LIVE IN LOU
241,Braxton Cummings,JR-3,Mars Hill,05:39.5,28:07.9,188,LIVE IN LOU
242,Cameron Moors,FR-1,USC Upstate,05:40.0,28:10.1,,LIVE IN LOU
243,Ashton Weaver,SR-4,Charleston (W.V.),05:40.2,28:11.2,,LIVE IN LOU
244,Sawyer Cripps,FR-1,Mars Hill,05:40.3,28:11.8,189,LIVE IN LOU
245,Tyler Vandierdonck,SO-2,Detroit Mercy,05:40.4,28:12.0,,LIVE IN LOU
246,Ethan Hall,JR-3,Southern Indiana,05:40.5,28:12.7,190,LIVE IN LOU
247,Brock Windham,SO-2,Freed-Hardeman,05:40.6,28:13.5,191,LIVE IN LOU
248,Alec Daniel,SR-4,Longwood,05:40.8,28:14.0,,LIVE IN LOU
249,Nick Fringer,SR-4,Detroit Mercy,05:41.0,28:15.4,,LIVE IN LOU
250,Alex Eplin,FR-1,Lawrence Tech,05:41.1,28:15.8,,LIVE IN LOU
251,Isaac Cinnamon,SO-2,SCAD Savannah,05:41.2,28:16.3,192,LIVE IN LOU
252,Charles Fuerneisen,FR-1,Mars Hill,05:41.2,28:16.4,193,LIVE IN LOU
253,Elijah Jorgensen,SO-2,Detroit Mercy,05:41.8,28:19.1,,LIVE IN LOU
254,Jackson Custer,SO-2,Murray State,05:42.3,28:21.5,,LIVE IN LOU
255,Noah Norris,FR-1,Hope,05:42.8,28:24.1,,LIVE IN LOU
256,Aiden Brzezinski,JR-3,Lawrence Tech,05:43.0,28:25.1,,LIVE IN LOU
257,Ty McPhatter,FR-1,Grace,05:43.2,28:26.1,194,LIVE IN LOU
258,Brayden Boyd,JR-3,Robert Morris,05:43.6,28:28.3,,LIVE IN LOU
259,Brandon Wright,SO-2,Mars Hill,05:44.0,28:30.0,,LIVE IN LOU
260,Smith Carter,FR-1,Cumberland (Tenn.),05:44.0,28:30.1,195,LIVE IN LOU
261,Luke Burton,JR-3,Campbellsville,05:44.4,28:32.0,,LIVE IN LOU
262,Ben Dawson,JR-3,Lawrence Tech,05:44.4,28:32.3,,LIVE IN LOU
263,Hunter Tomich,JR-3,Wheeling,05:44.5,28:32.7,,LIVE IN LOU
264,Lance Logan,FR-1,Midway,05:45.7,28:38.5,196,LIVE IN LOU
265,Gavin Ashby,FR-1,Indiana East,05:46.5,28:42.5,,LIVE IN LOU
266,Andrew Pries,SR-4,Detroit Mercy,05:46.6,28:42.9,,LIVE IN LOU
267,Riley Garrison,SO-2,Union (Tenn.),05:47.3,28:46.6,197,LIVE IN LOU
268,Kyle Robinson,SO-2,Grace,05:48.3,28:51.5,198,LIVE IN LOU
269,Noah Jinks,FR-1,Union (Tenn.),05:48.6,28:52.9,199,LIVE IN LOU
270,Matthew O'Shea,FR-1,Charleston (W.V.),05:48.6,28:53.1,,LIVE IN LOU
271,Andrew Wrenn,JR-3,Freed-Hardeman,05:48.9,28:54.5,200,LIVE IN LOU
272,Connor Byrd,SO-2,Midway,05:49.0,28:55.0,201,LIVE IN LOU
273,Luke Livingston,SR-4,Robert Morris,05:49.1,28:55.7,,LIVE IN LOU
274,Elias Harrison,SO-2,USC Upstate,05:49.2,28:56.2,,LIVE IN LOU
275,Kaden Mosely,FR-1,Union (Tenn.),05:49.4,28:56.8,202,LIVE IN LOU
276,Stewart Brown,SO-2,Union (Tenn.),05:49.5,28:57.6,,LIVE IN LOU
277,Benjamin Blackwood,JR-3,Union (Tenn.),05:50.6,29:03.0,,LIVE IN LOU
278,Gabe Klein,FR-1,Grace,05:51.1,29:05.5,203,LIVE IN LOU
279,Andrew Davis,SR-4,Southern Wesleyan,05:51.3,29:06.3,204,LIVE IN LOU
280,Landen Barron,FR-1,USC Upstate,05:51.4,29:07.1,,LIVE IN LOU
281,Joe Kadluboski,SO-2,Lansing CC,05:53.0,29:14.9,,LIVE IN LOU
282,Luke Winkleman,SO-2,Union (Tenn.),05:53.1,29:15.5,,LIVE IN LOU
283,Lucas Black,FR-1,Freed-Hardeman,05:53.2,29:16.1,,LIVE IN LOU
284,Zachary Lynch,FR-1,Campbellsville,05:53.9,29:19.6,,LIVE IN LOU
285,Jack Willenborg,FR-1,SIU Edwardsville,05:54.2,29:20.8,205,LIVE IN LOU
286,Gabe Land,FR-1,Southern Indiana,05:55.1,29:25.5,206,LIVE IN LOU
287,Tyler Rogers,SR-4,Young Harris,05:55.7,29:28.2,,LIVE IN LOU
288,Jackson Sinicropi,FR-1,Lansing CC,05:55.8,29:28.7,,LIVE IN LOU
289,Benjamin Graf,SR-4,Campbellsville,05:56.1,29:30.3,,LIVE IN LOU
290,Harrison Wealing,JR-3,Grace,05:56.1,29:30.5,,LIVE IN LOU
291,Jonathan Litscher,SO-2,Union (Tenn.),05:56.3,29:31.5,,LIVE IN LOU
292,Hudson Fisher,SO-2,Grace,05:56.4,29:31.7,,LIVE IN LOU
293,Oliver Wilgocki,FR-1,Evansville,05:56.8,29:33.6,,LIVE IN LOU
294,Joey Santoro,JR-3,Murray State,05:57.1,29:35.4,,LIVE IN LOU
295,Connor Messer,FR-1,Midway,05:57.8,29:38.8,207,LIVE IN LOU
296,Brandon Irvin,JR-3,Campbellsville,05:58.0,29:39.6,,LIVE IN LOU
297,Thomas Macagg,SR-4,Southern Wesleyan,05:59.2,29:45.7,,LIVE IN LOU
298,Tomas Rampe,SO-2,Lansing CC,06:01.6,29:57.7,,LIVE IN LOU
299,Jose Quinones,SR-4,Grace,06:03.4,30:06.8,,LIVE IN LOU
300,Aiden Dispennette,FR-1,Indiana East,06:03.6,30:07.4,,LIVE IN LOU
301,Joshua Mayhugh,FR-1,Cumberland (Tenn.),06:06.1,30:20.0,,LIVE IN LOU
302,Blake Stanton,SR-4,Charleston (W.V.),06:06.4,30:21.7,,LIVE IN LOU
303,Jay Hunt,FR-1,Freed-Hardeman,06:07.2,30:25.5,,LIVE IN LOU
304,John Locke,JR-3,Southern Wesleyan,06:07.8,30:28.4,,LIVE IN LOU
305,Max Berkey,JR-3,Cumberland (Tenn.),06:09.1,30:35.1,,LIVE IN LOU
306,Luke Schramm,SO-2,Grace,06:09.2,30:35.3,,LIVE IN LOU
307,Christian Reid,SO-2,Longwood,06:10.0,30:39.7,,LIVE IN LOU
308,William Craig,SR-4,Union (Tenn.),06:10.4,30:41.7,,LIVE IN LOU
309,Ethan Marchman,JR-3,Southern Wesleyan,06:10.6,30:42.3,,LIVE IN LOU
310,Steven Meyer,FR-1,Midway,06:11.3,30:46.0,,LIVE IN LOU
311,Walter Tanui,SR-4,Cumberland (Tenn.),06:14.4,31:01.3,,LIVE IN LOU
312,Caleb Nichols,SO-2,Grace,06:14.5,31:01.9,,LIVE IN LOU
313,Garrett Robison,FR-1,Union (Tenn.),06:15.1,31:04.6,,LIVE IN LOU
314,Grant Richardson,FR-1,Mars Hill,06:15.7,31:07.9,,LIVE IN LOU
315,Austin Wenta,JR-3,Indiana East,06:16.2,31:10.4,,LIVE IN LOU
316,Josue Avendano,SR-4,Southern Wesleyan,06:21.4,31:36.3,,LIVE IN LOU
317,Isaac Cockrell,JR-3,Midway,06:22.5,31:41.5,,LIVE IN LOU
318,Adam Higgs,SO-2,Midway,06:24.4,31:50.9,,LIVE IN LOU
319,Grant O'Neal,SO-2,Freed-Hardeman,06:25.4,31:55.8,,LIVE IN LOU
320,Kaydan Patterson,SO-2,Union (Tenn.),06:31.9,32:28.1,,LIVE IN LOU
321,Michael Keopf,FR-1,Freed-Hardeman,06:53.3,34:14.7,,LIVE IN LOU
322,Hayden Bland,FR-1,Freed-Hardeman,07:15.1,36:03.2,,LIVE IN LOU
323,Trsitan Pharr,FR-1,Freed-Hardeman,07:19.6,36:25.5,,LIVE IN LOU
0,Ethan Johnson,SO-2,Campbellsville,,DNF,,LIVE IN LOU
0,Evan Wheeler,SR-4,Lawrence Tech,,DNF,,LIVE IN LOU
0,Zachary Rubicz,FR-1,Detroit Mercy,,DNF,,LIVE IN LOU
0,Eli Combs,SR-4,Freed-Hardeman,,DNF,,LIVE IN LOU
0,Blake Smith,FR-1,Southern Indiana,,DNF,,LIVE IN LOU
0,Chris McGlynn,JR-3,Robert Morris,,DNF,,LIVE IN LOU
0,Nick Schmitz,FR-1,Murray State,,DNF,,LIVE IN LOU
0,Muhiyadin Ali,FR-1,Southern Indiana,,DNF,,LIVE IN LOU
0,Dustin Ralph,FR-1,Campbellsville,,DNF,,LIVE IN LOU
,,,,,,,LIVE IN LOU
,,,,,,,LIVE IN LOU
PL,NAME,YEAR,TEAM,Avg. Mile,TIME,SCORE,LIVE IN LOU
1,Joseph Skoog,Senior,Unattached,04:56.8,24:35.4,,LIVE IN LOU
2,Anthony Farmer,?,Unattached,04:58.6,24:44.4,,LIVE IN LOU
3,James Ndayishimiye,Freshman,Unattached,04:58.9,24:46.2,,LIVE IN LOU
4,Anis Abdaoui,FR-1,Vincennes,05:12.8,25:55.2,1,LIVE IN LOU
5,Luke McKenna,SO-2,Point Park,05:13.5,25:58.7,2,LIVE IN LOU
6,Felix Rivet,JR-3,Indianapolis,05:16.0,26:11.0,3,LIVE IN LOU
7,Robert Hooper,JR-3,Tennessee St.,05:18.4,26:22.7,4,LIVE IN LOU
8,Gift Mashilo,JR-3,William Carey,05:18.9,26:25.3,5,LIVE IN LOU
9,Liam LeBlanc,JR-3,Lourdes,05:20.0,26:30.8,6,LIVE IN LOU
10,Brady Tremayne,Freshman,Unattached,05:20.8,26:34.8,,LIVE IN LOU
11,Ty Blair,Freshman,Unattached,05:21.2,26:36.7,,LIVE IN LOU
12,Tom Saint-Juvin,SR-4,Indianapolis,05:21.4,26:37.7,7,LIVE IN LOU
13,Nathan Sury,SO-2,William Carey,05:21.6,26:38.7,8,LIVE IN LOU
14,Bryce Stateler,JR-3,Indiana Kokomo,05:21.8,26:40.0,9,LIVE IN LOU
15,Conyer Wilson,FR-1,Indianapolis,05:23.7,26:49.0,10,LIVE IN LOU
16,James Haggerty,Freshman,Unattached,05:23.7,26:49.2,,LIVE IN LOU
17,Jadon Muncy,Freshman,Unattached,05:25.2,26:56.6,,LIVE IN LOU
18,Grant Brown,Freshman,Unattached,05:25.5,26:58.2,,LIVE IN LOU
19,Elijah Walters,JR-3,Georgetown (Ky.),05:25.7,26:59.3,11,LIVE IN LOU
20,Diego Valdivia,SO-2,Dominican (Ill.),05:25.9,27:00.1,12,LIVE IN LOU
21,Matthew McGuire,FR-1,William Carey,05:26.5,27:03.2,13,LIVE IN LOU
22,Jonah Edwards,?,UK Run Club,05:27.2,27:06.8,14,LIVE IN LOU
23,Hudson Wallace,Junior,Unattached,05:27.5,27:08.2,,LIVE IN LOU
24,Gavin Wheat,SO-2,William Carey,05:27.5,27:08.2,15,LIVE IN LOU
25,Albin Petschauer,FR-1,Point Park,05:27.7,27:09.3,16,LIVE IN LOU
26,Marti Molins,SO-2,Lindsey Wilson,05:27.8,27:09.4,17,LIVE IN LOU
27,Ethan McCombs,SO-2,St. Clair County CC,05:28.0,27:10.8,18,LIVE IN LOU
28,Ben Perulfi,Freshman,Unattached,05:28.5,27:13.3,,LIVE IN LOU
29,Corry Mientkiewicz,SR-4,Ohio Christian,05:28.6,27:13.5,,LIVE IN LOU
30,Cody Noel,SO-2,Vincennes,05:29.6,27:18.5,19,LIVE IN LOU
31,Acer Campbell,FR-1,St. Clair County CC,05:29.8,27:19.8,20,LIVE IN LOU
32,Dawson Benjamin,FR-1,Thomas More,05:30.3,27:22.0,21,LIVE IN LOU
33,Caleb Vogl,SR-4,Indiana Kokomo,05:30.6,27:23.5,22,LIVE IN LOU
34,Zach Meixner,?,UK Run Club,05:30.6,27:23.7,23,LIVE IN LOU
35,Jannik Windelband,SR-4,Point Park,05:31.5,27:28.1,24,LIVE IN LOU
36,Blake Byer,Junior,Unattached,05:32.6,27:33.3,,LIVE IN LOU
37,Justin Stearns,SR-4,Lindsey Wilson,05:32.7,27:33.9,25,LIVE IN LOU
38,Luke Skinner,FR-1,William Carey,05:32.7,27:34.2,26,LIVE IN LOU
39,Santiago Nunez,SO-2,Lindsey Wilson,05:33.0,27:35.3,27,LIVE IN LOU
40,Dalton Nunn,SR-4,Transylvania,05:33.6,27:38.4,28,LIVE IN LOU
41,Aike Van der Lei,FR-1,Point Park,05:34.8,27:44.4,29,LIVE IN LOU
42,Wesley Preston,SR-4,Asbury,05:34.9,27:44.9,30,LIVE IN LOU
43,Harnoor Dosanjh,SR-4,Indianapolis,05:35.9,27:49.8,31,LIVE IN LOU
44,Justin Altenbach,JR-3,Lourdes,05:36.1,27:50.8,32,LIVE IN LOU
45,Josue Le Cadre,SO-2,Indianapolis,05:36.4,27:52.6,33,LIVE IN LOU
46,Nick Lanter,SR-4,Thomas More,05:36.8,27:54.2,34,LIVE IN LOU
47,Ayden Potts,FR-1,Indiana Kokomo,05:37.1,27:55.7,35,LIVE IN LOU
48,Caden Hostetler,SO-2,Vincennes,05:37.2,27:56.4,36,LIVE IN LOU
49,Jason Springer,SR-4,Ohio Christian,05:37.5,27:58.0,,LIVE IN LOU
50,Tanner Spence,SO-2,Vincennes,05:37.7,27:58.8,37,LIVE IN LOU
51,Trevor Baker,JR-3,Georgetown (Ky.),05:38.6,28:03.2,38,LIVE IN LOU
52,Alan Marshall,Freshman,Unattached,05:39.2,28:06.2,,LIVE IN LOU
53,Isaiah Kanable,SR-4,Indiana Kokomo,05:39.4,28:07.5,39,LIVE IN LOU
54,Nate Very,SR-4,Transylvania,05:39.9,28:09.9,40,LIVE IN LOU
55,Chase Bowen,FR-1,Point Park,05:40.9,28:14.7,41,LIVE IN LOU
56,Evan McElwayne,FR-1,WVU Tech,05:41.1,28:15.7,42,LIVE IN LOU
57,Jaime Favela,FR-1,Dominican (Ill.),05:41.5,28:17.8,43,LIVE IN LOU
58,Philip Berger,SO-2,Edinboro,05:41.6,28:18.1,44,LIVE IN LOU
59,Noah Miller,FR-1,Thomas More,05:41.8,28:19.1,45,LIVE IN LOU
60,Braden Wallace,?,Unattached,05:42.0,28:20.4,,LIVE IN LOU
61,Kelvin Kipsang,FR-1,Vincennes,05:42.6,28:23.0,46,LIVE IN LOU
62,Isaiah Wittenberg,FR-1,Indiana Kokomo,05:43.0,28:25.3,47,LIVE IN LOU
63,Nathan Whitehead,SO-2,Vincennes,05:43.7,28:28.6,48,LIVE IN LOU
64,Josh Gosselin,JR-3,Point Park,05:43.7,28:28.6,49,LIVE IN LOU
65,Josiah Nobles,FR-1,William Carey,05:44.2,28:31.1,50,LIVE IN LOU
66,Owen Jensen,SR-4,William Carey,05:45.3,28:36.8,51,LIVE IN LOU
67,Daniel Kersey,JR-3,Asbury,05:45.5,28:37.5,52,LIVE IN LOU
68,Aivan Vargas,FR-1,Edinboro,05:46.9,28:44.4,53,LIVE IN LOU
69,Ryan Ennis,?,UK Run Club,05:47.8,28:49.0,54,LIVE IN LOU
70,Nick Cummins,SR-4,Lindsey Wilson,05:48.3,28:51.4,55,LIVE IN LOU
71,Noah Vachon,SO-2,Indianapolis,05:48.4,28:52.3,56,LIVE IN LOU
72,Bryaun Manuel,SO-2,Vincennes,05:48.5,28:52.4,57,LIVE IN LOU
73,Luis Saldana,SR-4,Indiana Kokomo,05:48.5,28:52.5,58,LIVE IN LOU
74,Josh Rittgers,SO-2,Asbury,05:48.7,28:53.7,59,LIVE IN LOU
75,Vinny Schweihofer,FR-1,St. Clair County CC,05:49.1,28:55.4,60,LIVE IN LOU
76,Layne Clark,FR-1,Georgetown (Ky.),05:49.1,28:55.7,61,LIVE IN LOU
77,Gabe Ebersole,JR-3,Point Park,05:49.4,28:56.9,62,LIVE IN LOU
78,Jude Theriot,JR-3,Thomas More,05:49.7,28:58.4,63,LIVE IN LOU
79,Charlie Conkle,SO-2,Indiana Kokomo,05:50.3,29:01.7,64,LIVE IN LOU
80,Lance Kowalski,SO-2,St. Clair County CC,05:50.6,29:02.7,65,LIVE IN LOU
81,Carter Engle,SO-2,Thomas More,05:50.8,29:04.2,66,LIVE IN LOU
82,Steven Case,SO-2,Indiana Kokomo,05:50.9,29:04.7,,LIVE IN LOU
83,Rylan Mullins,FR-1,Vincennes,05:51.1,29:05.6,,LIVE IN LOU
84,Matthew Parsons,SO-2,Brescia,05:51.5,29:07.5,,LIVE IN LOU
85,Coleton Fisher,FR-1,Edinboro,05:51.5,29:07.7,67,LIVE IN LOU
86,Christian Saffouri,JR-3,WVU Tech,05:51.6,29:07.7,68,LIVE IN LOU
87,Will Moser,FR-1,Indianapolis,05:51.6,29:08.0,69,LIVE IN LOU
88,Luke Holton,SR-4,Asbury,05:51.7,29:08.2,70,LIVE IN LOU
89,Mitch Reveal,JR-3,Mount St. Joseph,05:51.7,29:08.6,,LIVE IN LOU
90,Logan Smith,FR-1,Oakland City,05:52.5,29:12.4,71,LIVE IN LOU
91,Tyler Chong,JR-3,Asbury,05:53.1,29:15.5,72,LIVE IN LOU
92,Elijah James,SR-4,Point Park,05:53.4,29:17.0,,LIVE IN LOU
93,Ackerly Mulcaster,FR-1,Edinboro,05:53.5,29:17.4,73,LIVE IN LOU
94,Seth Beerens,JR-3,Lourdes,05:53.9,29:19.2,74,LIVE IN LOU
95,Jonah Kiess,FR-1,Ohio Christian,05:54.3,29:21.5,,LIVE IN LOU
96,Kyle Thibideau,JR-3,Indiana Kokomo,05:54.5,29:22.4,,LIVE IN LOU
97,Aaron Myers,SO-2,Edinboro,05:54.7,29:23.5,75,LIVE IN LOU
98,Bryant Curtis,FR-1,Georgetown (Ky.),05:55.0,29:25.0,76,LIVE IN LOU
99,Andrew Lanthum,FR-1,Kaskaskia College,05:55.2,29:26.1,77,LIVE IN LOU
100,Jeremy Mendez,FR-1,Vincennes,05:55.5,29:27.3,,LIVE IN LOU
101,Jacob Bumgardner,FR-1,Indiana Kokomo,05:56.1,29:30.1,,LIVE IN LOU
102,Garrett Bartlebaugh,FR-1,Edinboro,05:56.3,29:31.2,78,LIVE IN LOU
103,Cooper Chandler,SR-4,Transylvania,05:56.4,29:31.8,79,LIVE IN LOU
104,Landon Driggers,FR-1,Asbury,05:56.5,29:32.6,80,LIVE IN LOU
105,Emerick Randolph,FR-1,Oakland City,05:56.6,29:32.7,81,LIVE IN LOU
106,Trent Glass,FR-1,St. Clair County CC,05:56.8,29:33.8,82,LIVE IN LOU
107,Gavin Hamilton,JR-3,Lourdes,05:56.9,29:34.3,83,LIVE IN LOU
108,Alex Carie,SR-4,Indiana Kokomo,05:57.0,29:34.6,,LIVE IN LOU
109,Henry Hegemann,?,UK Run Club,05:57.1,29:35.2,84,LIVE IN LOU
110,Zack McCaslin,SO-2,Lindsey Wilson,05:57.1,29:35.3,85,LIVE IN LOU
111,Aiden Westerman,FR-1,Marietta,05:57.2,29:36.0,86,LIVE IN LOU
112,Josiah Ernst,SO-2,Asbury,05:57.7,29:38.2,87,LIVE IN LOU
113,Connor Partin,SO-2,Union (Ky.),05:58.1,29:40.2,88,LIVE IN LOU
114,Eli Mayes,FR-1,Oakland City,05:58.5,29:42.1,89,LIVE IN LOU
115,Dylan Schumann,FR-1,St. Clair County CC,06:00.3,29:51.1,90,LIVE IN LOU
116,David Warner,SO-2,Thomas More,06:01.0,29:54.8,91,LIVE IN LOU
117,Jacob Newland,SR-4,Lourdes,06:01.7,29:58.3,92,LIVE IN LOU
118,Jordan Kullen,JR-3,Point Park,06:02.0,29:59.7,,LIVE IN LOU
119,Alex Taft,SO-2,Mount St. Joseph,06:02.0,29:59.8,,LIVE IN LOU
120,Joshua Maurer,FR-1,Point Park,06:02.2,30:00.5,,LIVE IN LOU
121,Hagan Schoolfield,FR-1,Transylvania,06:02.5,30:02.0,93,LIVE IN LOU
122,Curt Dahncke,FR-1,Indianapolis,06:02.7,30:02.9,,LIVE IN LOU
123,Ethan Quezada,FR-1,Edinboro,06:02.9,30:04.1,94,LIVE IN LOU
124,Julius Giller,FR-1,William Carey,06:03.3,30:06.0,,LIVE IN LOU
125,Jack Hehr,SR-4,Marietta,06:04.3,30:11.2,95,LIVE IN LOU
126,Nate Rogers,JR-3,Transylvania,06:04.7,30:13.0,96,LIVE IN LOU
127,Layton Willson,SR-4,Lourdes,06:04.7,30:13.0,97,LIVE IN LOU
128,Devin Jones,FR-1,Tennessee St.,06:05.2,30:15.8,98,LIVE IN LOU
129,Cade Curfman,SO-2,WVU Tech,06:05.3,30:16.2,99,LIVE IN LOU
130,Bryce Salgat,FR-1,Indiana Kokomo,06:05.6,30:17.5,,LIVE IN LOU
131,Riley Morris,FR-1,Georgetown (Ky.),06:06.0,30:19.8,100,LIVE IN LOU
132,Jonathon Holthaus,FR-1,Kaskaskia College,06:06.3,30:20.9,101,LIVE IN LOU
133,Gerrick Sheffer,JR-3,Brescia,06:06.7,30:22.9,,LIVE IN LOU
134,Juan Tavares-Munoz,SO-2,Dominican (Ill.),06:07.0,30:24.8,102,LIVE IN LOU
135,Adam Bennett,FR-1,WVU Tech,06:07.1,30:24.8,103,LIVE IN LOU
136,Zabrey Bortz,FR-1,Union (Ky.),06:07.8,30:28.4,104,LIVE IN LOU
137,Maddox Altman,JR-3,Lourdes,06:09.5,30:36.8,105,LIVE IN LOU
138,Gunnar Wessel,FR-1,St. Clair County CC,06:10.2,30:40.3,106,LIVE IN LOU
139,Baily Chabot,FR-1,Ohio Christian,06:10.6,30:42.6,,LIVE IN LOU
140,Isaiah Winter,?,Unattached,06:11.4,30:46.3,,LIVE IN LOU
141,Emmanuel Akpoli,SR-4,Point Park,06:12.5,30:51.6,,LIVE IN LOU
142,Samuel Whitcomb,JR-3,WVU Tech,06:14.1,30:59.8,107,LIVE IN LOU
143,Iain Ray,?,UK Run Club,06:14.7,31:02.6,108,LIVE IN LOU
144,Tyler Payne,FR-1,Union (Ky.),06:15.5,31:06.9,109,LIVE IN LOU
145,Joshua Craig,?,UK Run Club,06:16.0,31:09.4,110,LIVE IN LOU
146,Luke Haggerty,?,Unattached,06:17.6,31:17.2,,LIVE IN LOU
147,Branson Pappas,FR-1,Kaskaskia College,06:18.2,31:20.1,111,LIVE IN LOU
148,Ammon Morgan,FR-1,Oakland City,06:18.9,31:23.5,112,LIVE IN LOU
149,Kaiden Koepfler,SO-2,Lourdes,06:19.1,31:24.6,,LIVE IN LOU
150,Adrian Ocana,JR-3,Dominican (Ill.),06:19.2,31:25.3,113,LIVE IN LOU
151,Alex Garcia,JR-3,Union (Ky.),06:19.4,31:26.0,114,LIVE IN LOU
152,Jackson Rogers,Senior,UK Run Club,06:20.6,31:32.0,115,LIVE IN LOU
153,Nicholas Greer,JR-3,Brescia,06:20.7,31:32.6,,LIVE IN LOU
154,Isaiah Sanchez,FR-1,Edinboro,06:21.5,31:36.7,,LIVE IN LOU
155,Cameron Tapp,JR-3,Asbury,06:23.6,31:47.1,,LIVE IN LOU
156,Kylen Thorp,SO-2,Tennessee St.,06:23.6,31:47.2,116,LIVE IN LOU
157,Kevin Cuin,JR-3,Lindsey Wilson,06:24.2,31:50.2,117,LIVE IN LOU
158,Keaton Walker,FR-1,Indianapolis,06:25.6,31:56.8,,LIVE IN LOU
159,Alex Schmidt,SR-4,Mount St. Joseph,06:26.0,31:59.0,,LIVE IN LOU
160,Zavier Williams,FR-1,Tennessee St.,06:26.6,32:02.1,118,LIVE IN LOU
161,Matthew Fehrman,FR-1,Marietta,06:26.6,32:02.2,119,LIVE IN LOU
162,Samuel Pyle,SR-4,WVU Tech,06:27.0,32:03.7,120,LIVE IN LOU
163,Landon Marshall,JR-3,Oakland City,06:27.6,32:07.1,121,LIVE IN LOU
164,Josiah McMahan,FR-1,Georgetown (Ky.),06:28.8,32:12.9,122,LIVE IN LOU
165,Daniel Obernuefemann,SO-2,Kaskaskia College,06:29.1,32:14.7,123,LIVE IN LOU
166,Lucas Toro,FR-1,Thomas More,06:30.5,32:21.4,124,LIVE IN LOU
167,Sunny Quinn,JR-3,Tennessee St.,06:33.9,32:38.2,125,LIVE IN LOU
168,Torrean Thornton,FR-1,Union (Ky.),06:33.9,32:38.4,126,LIVE IN LOU
169,Jack Walters,FR-1,Kaskaskia College,06:35.2,32:44.7,127,LIVE IN LOU
170,Jace Cowman,SR-4,Lindsey Wilson,06:39.8,33:07.5,128,LIVE IN LOU
171,Delton White,FR-1,Tennessee St.,06:40.7,33:12.2,129,LIVE IN LOU
172,Jack Shelton,SO-2,Kaskaskia College,06:41.6,33:16.5,130,LIVE IN LOU
173,Noah Francis,JR-3,Thomas More,06:42.0,33:18.5,,LIVE IN LOU
174,Cale Webb,FR-1,Indiana Kokomo,06:44.3,33:30.2,,LIVE IN LOU
175,Tim Freeman,FR-1,Union (Ky.),06:44.5,33:31.0,131,LIVE IN LOU
176,Noah Harris,SR-4,Alice Lloyd,06:47.7,33:47.1,,LIVE IN LOU
177,Hector Trinidad,FR-1,Dominican (Ill.),06:52.8,34:12.2,132,LIVE IN LOU
178,Ronald Kiprono,SR-4,Oakland City,06:53.2,34:14.1,133,LIVE IN LOU
179,Owen Huelsmann,SO-2,Kaskaskia College,06:55.1,34:23.8,134,LIVE IN LOU
180,Pierce Lashley,SO-2,Oakland City,06:56.1,34:28.5,135,LIVE IN LOU
181,Cameron Logue,SO-2,Marietta,06:57.0,34:33.1,136,LIVE IN LOU
182,Noah Hale,FR-1,Union (Ky.),07:01.4,34:55.1,137,LIVE IN LOU
183,Joseph Edgemon,SO-2,St. Clair County CC,07:10.6,35:40.7,,LIVE IN LOU
184,Jack Colafella,?,UK Run Club,07:37.0,37:51.9,,LIVE IN LOU
185,Santiago Hernandez,?,UK Run Club,07:38.0,37:57.0,,LIVE IN LOU
186,Aiden Keener,JR-3,Marietta,07:38.7,38:00.4,138,LIVE IN LOU
187,George Thacker,JR-3,Transylvania,07:43.0,38:21.8,139,LIVE IN LOU
188,Nathan Kovach,FR-1,Mount St. Joseph,08:08.2,40:27.3,,LIVE IN LOU
189,Marcus Davis,FR-1,Dominican (Ill.),09:23.5,46:41.8,140,LIVE IN LOU
0,Niklas Moilanen,FR-1,William Carey,,DNF,,LIVE IN LOU
0,Landen Lloyd,FR-1,William Carey,,DNF,,LIVE IN LOU
0,Elijah Northrop,SO-2,WVU Tech,,DNF,,LIVE IN LOU
0,Daniel Aikas,SO-2,Lindsey Wilson,,DNF,,LIVE IN LOU
0,Blake Mullins,SO-2,Lindsey Wilson,,DNF,,LIVE IN LOU
0,Ben Richards,?,UK Run Club,,DNF,,LIVE IN LOU
0,Jax Giannosa,FR-1,St. Clair County CC,,DNF,,LIVE IN LOU
,,,,,,,
,,,,,,,
PL,NAME,YEAR,TEAM,Avg. Mile,TIME,SCORE,
1,Nate Slater,JR-3,Ashland,05:06.5,25:23.8,1,OWU invite
2,Jonah Barber,SR-4,Oberlin,05:11.6,25:48.8,2,OWU invite
3,Jacob Slater,SO-2,Case Western,05:11.6,25:49.0,3,OWU invite
4,Piers Shirk,SO-2,Oberlin,05:14.4,26:03.2,4,OWU invite
5,Stephen Henry,SR-4,Case Western,05:14.8,26:04.8,5,OWU invite
6,Dillon Hach,SO-2,Baldwin Wallace,05:15.2,26:07.0,6,OWU invite
7,Joseph Sigall,,Ohio State Running Club,05:15.4,26:08.0,7,OWU invite
8,Michael Snopik,JR-3,Ashland,05:16.1,26:11.6,8,OWU invite
9,Brandon Wiedl,,Ohio State Running Club,05:16.2,26:12.1,9,OWU invite
10,Wes Horton,SR-4,Ohio Wesleyan,05:17.1,26:16.6,10,OWU invite
11,Connor Ladd,SR-4,Heidelberg,05:17.7,26:19.4,11,OWU invite
12,Adam Esa,FR-1,Case Western,05:18.1,26:21.5,12,OWU invite
13,Eayuel Gebrtsadik,SR-4,Ohio Dominican,05:18.4,26:22.9,13,OWU invite
14,Colton Pinkerton,FR-1,Ashland,05:19.0,26:25.9,14,OWU invite
15,Tate Yoder,JR-3,Wilmington (Ohio),05:19.0,26:26.1,15,OWU invite
16,Jacob Sayer,,Ohio State Running Club,05:19.4,26:28.1,16,OWU invite
17,Merrick Shorter,JR-3,Ohio Dominican,05:19.9,26:30.6,17,OWU invite
18,Konnor Ray,SR-4,Ashland,05:20.2,26:31.9,18,OWU invite
19,Luke Ellerbrock,FR-1,Findlay,05:20.7,26:34.2,19,OWU invite
20,Ryan Lehman,FR-1,Mount Vernon Nazarene,05:21.1,26:36.5,20,OWU invite
21,Carson Rewiski,,Ohio State Running Club,05:21.6,26:38.6,21,OWU invite
22,Joe Parker,SO-2,Ohio Northern,05:22.3,26:42.3,22,OWU invite
23,Kolin Brake,SO-2,Capital,05:22.7,26:44.4,23,OWU invite
24,Nick Marcovitch,SO-2,Baldwin Wallace,05:22.9,26:45.0,24,OWU invite
25,Josh Baker,,Ohio State Running Club,05:23.4,26:47.8,25,OWU invite
26,William Prato,FR-1,Baldwin Wallace,05:23.5,26:48.0,26,OWU invite
27,Sage Egan,SO-2,Baldwin Wallace,05:23.5,26:48.4,27,OWU invite
28,Ethan Richter,SO-2,Case Western,05:23.9,26:50.2,28,OWU invite
29,Zach Glotzbecker,JR-3,Capital,05:24.1,26:51.1,29,OWU invite
30,Gabe Moore,JR-3,Wilmington (Ohio),05:24.2,26:51.5,30,OWU invite
31,Caleb Freeman,JR-3,Allegheny,05:24.3,26:52.3,31,OWU invite
32,Sam Sikorski,JR-3,Baldwin Wallace,05:24.5,26:53.4,32,OWU invite
33,Michael Dorris,FR-1,Baldwin Wallace,05:25.1,26:56.4,33,OWU invite
34,Nate James,FR-1,Baldwin Wallace,05:25.3,26:57.4,34,OWU invite
35,Charles Endres,JR-3,Oberlin,05:25.4,26:57.9,35,OWU invite
36,Luke Hootman,SO-2,Findlay,05:25.7,26:59.2,36,OWU invite
37,Aidan Castillo,FR-1,Otterbein,05:25.8,26:59.6,37,OWU invite
38,Oliver Hendricks,SO-2,Ohio Northern,05:25.9,27:00.2,38,OWU invite
39,Corey Rinehart,SR-4,Ohio Northern,05:26.0,27:00.7,39,OWU invite
40,Keefer McClure,SR-4,Ohio Northern,05:26.5,27:03.0,40,OWU invite
41,Daylen Madison,JR-3,Ashland,05:26.7,27:04.1,41,OWU invite
42,Vova Herdman,FR-1,Ohio Northern,05:27.0,27:05.4,42,OWU invite
43,Ethan Kemp,JR-3,Ohio Northern,05:27.2,27:06.5,43,OWU invite
44,Joe Brewster,SO-2,Heidelberg,05:27.2,27:06.7,44,OWU invite
45,Owen Schlesser,FR-1,Case Western,05:27.3,27:07.0,45,OWU invite
46,Nathan Bertman,SR-4,Denison,05:28.1,27:11.1,46,OWU invite
47,Nico Martinelli,SR-4,Denison,05:28.2,27:11.4,47,OWU invite
48,Eli Peck,SO-2,Ashland,05:28.4,27:12.5,48,OWU invite
49,David Burkholder,FR-1,Mount Vernon Nazarene,05:28.4,27:12.8,49,OWU invite
50,Matthew Smutney,SR-4,Case Western,05:28.6,27:13.7,50,OWU invite
51,Cris Kubatko,,Ohio State Running Club,05:28.7,27:14.1,51,OWU invite
52,Phinnigan Spindler,FR-1,Denison,05:28.8,27:14.7,52,OWU invite
53,Zach Vales,SO-2,Ashland,05:28.9,27:15.0,53,OWU invite
54,Brycen Lantz,FR-1,Ohio Northern,05:29.0,27:15.4,54,OWU invite
55,Xavier Grove,SR-4,Allegheny,05:29.6,27:18.4,55,OWU invite
56,Jay Figgins,JR-3,Otterbein,05:30.3,27:21.8,56,OWU invite
57,Hudson Black,SO-2,Heidelberg,05:30.4,27:22.5,57,OWU invite
58,Jonny Powers,JR-3,Otterbein,05:30.5,27:23.0,58,OWU invite
59,Joseph Countryman,SO-2,Capital,05:31.3,27:27.3,59,OWU invite
60,Keaton Schnippel,SO-2,Ohio Northern,05:31.4,27:27.3,,OWU invite
61,Liam Newman,JR-3,Oberlin,05:31.5,27:28.0,60,OWU invite
62,Jacob Blubaugh,FR-1,Ohio Wesleyan,05:31.5,27:28.1,61,OWU invite
63,Jack Miller,JR-3,Wittenberg,05:31.5,27:28.2,,OWU invite
64,Joshua Porter,FR-1,Otterbein,05:31.7,27:29.0,62,OWU invite
65,Huck Finnegan,SO-2,Ashland,05:31.8,27:29.5,,OWU invite
66,Andrew Piehler,SO-2,Baldwin Wallace,05:31.9,27:30.2,,OWU invite
67,Hans Holst,SR-4,Case Western,05:32.7,27:34.0,63,OWU invite
68,Justin Schumacher,FR-1,Ashland,05:32.8,27:34.6,,OWU invite
69,Joseph Kelly,SR-4,Baldwin Wallace,05:32.9,27:34.9,,OWU invite
70,Dylan Hickey,SR-4,Findlay,05:33.1,27:35.8,64,OWU invite
71,Trenton Hole,SO-2,Heidelberg,05:33.1,27:36.0,65,OWU invite
72,Cole Benishek,SR-4,Otterbein,05:33.2,27:36.4,66,OWU invite
73,Bo Little,SR-4,Ohio Northern,05:33.3,27:36.9,,OWU invite
74,Anton Meinlschmidt,FR-1,Rio Grande,05:33.3,27:37.0,67,OWU invite
75,JJ Larue,SO-2,Rio Grande,05:33.5,27:37.9,68,OWU invite
76,Dylan Burns,SR-4,Otterbein,05:34.1,27:41.0,69,OWU invite
77,Zachary Perlman,FR-1,Denison,05:34.2,27:41.3,70,OWU invite
78,Jacob Littler,SR-4,Otterbein,05:34.3,27:42.0,71,OWU invite
79,Tyler Parks,SR-4,Wilmington (Ohio),05:34.4,27:42.3,72,OWU invite
80,Perry Jackson,SO-2,Ohio Wesleyan,05:34.4,27:42.4,73,OWU invite
81,JT Basco,SR-4,Ohio Northern,05:34.4,27:42.4,,OWU invite
82,Daniel Beyda,FR-1,Oberlin,05:34.8,27:44.7,74,OWU invite
83,Aidan Silva,,Ohio State Running Club,05:35.3,27:46.9,75,OWU invite
84,Caden Buccier,FR-1,Baldwin Wallace,05:35.8,27:49.5,,OWU invite
85,Paul Salah,FR-1,Case Western,05:35.9,27:49.9,,OWU invite
86,Hudson Jones,FR-1,Denison,05:35.9,27:50.0,76,OWU invite
87,Nathan Webb,JR-3,Case Western,05:36.3,27:51.7,,OWU invite
88,Mikey Arnone,SO-2,Capital,05:36.3,27:51.8,77,OWU invite
89,Ayden Fritsch,FR-1,Ohio Northern,05:36.3,27:52.0,,OWU invite
90,Eli Fliehman,FR-1,Rio Grande,05:36.4,27:52.2,78,OWU invite
91,Zach Rue,SO-2,Ohio Northern,05:36.5,27:52.9,,OWU invite
92,Kory Kaiser,SR-4,Ohio Wesleyan,05:36.7,27:53.7,79,OWU invite
93,Deven Deskins,FR-1,Otterbein,05:36.7,27:53.8,,OWU invite
94,Alexander Shepherd,SR-4,Kenyon,05:36.8,27:54.2,80,OWU invite
95,William Wilson,SR-4,Kenyon,05:37.5,27:58.0,81,OWU invite
96,Leo Wisnefski,SO-2,Denison,05:37.7,27:58.7,82,OWU invite
97,Sam Derstine,SO-2,Findlay,05:37.7,27:58.8,83,OWU invite
98,Isaak Keller,FR-1,Baldwin Wallace,05:38.2,28:01.5,,OWU invite
99,Will Larson,FR-1,Case Western,05:38.2,28:01.5,,OWU invite
100,Preston Pethtel,SR-4,Ohio Wesleyan,05:38.4,28:02.3,84,OWU invite
101,Brendan Krych,,Ohio State Running Club,05:38.6,28:03.3,,OWU invite
102,Cole Kropka,SR-4,Bluffton,05:38.6,28:03.6,85,OWU invite
103,Daron Porter,FR-1,Mount Vernon Nazarene,05:38.9,28:05.0,86,OWU invite
104,Henry Hildebrandt,FR-1,Wilmington (Ohio),05:39.1,28:05.8,87,OWU invite
105,Ty Huff,FR-1,Heidelberg,05:39.3,28:06.6,88,OWU invite
106,Nick Swartz,FR-1,Baldwin Wallace,05:39.3,28:06.7,,OWU invite
107,Owen Rair,SO-2,Mount Vernon Nazarene,05:39.4,28:07.5,89,OWU invite
108,Christian Orgel,FR-1,Baldwin Wallace,05:39.9,28:09.8,,OWU invite
109,Grant Hirsch,FR-1,Oberlin,05:40.0,28:10.2,90,OWU invite
110,Benjamin Smith,SO-2,Case Western,05:40.0,28:10.3,,OWU invite
111,David Kuik,FR-1,Rio Grande,05:40.2,28:11.5,91,OWU invite
112,Jordan Klein,,Ohio State Running Club,05:40.4,28:12.5,,OWU invite
113,Dustyn DeFoor,FR-1,Ohio Northern,05:41.0,28:15.2,,OWU invite
114,William Freeman,JR-3,Ohio Northern,05:41.0,28:15.4,,OWU invite
115,Garrett Carver,JR-3,Shawnee State,05:41.1,28:15.6,92,OWU invite
116,William Allain,SR-4,Denison,05:41.2,28:16.3,93,OWU invite
117,Stephen Faltay,SO-2,Baldwin Wallace,05:41.3,28:16.6,,OWU invite
118,Josh Fiorentino,SR-4,Heidelberg,05:41.4,28:17.5,94,OWU invite
119,Victor Nash,SR-4,Case Western,05:41.6,28:18.1,,OWU invite
120,Trenton Macura,SO-2,Baldwin Wallace,05:41.7,28:18.9,,OWU invite
121,Gabe McHolm,FR-1,Ashland,05:42.0,28:20.3,,OWU invite
122,Logan Smrek,,Ohio State Running Club,05:42.5,28:22.7,,OWU invite
123,Justin Pate,SR-4,Ohio Northern,05:42.7,28:23.7,,OWU invite
124,Zayden Taylor,JR-3,Wittenberg,05:43.1,28:25.5,,OWU invite
125,Simon Leck,SR-4,Ohio Wesleyan,05:43.3,28:26.5,95,OWU invite
126,Gabe Ghering,SO-2,Baldwin Wallace,05:43.3,28:26.8,,OWU invite
127,Drew Carpenter,SO-2,Denison,05:44.0,28:30.1,,OWU invite
128,Dudley Bravard,FR-1,Ohio Northern,05:44.1,28:30.5,,OWU invite
129,Isaac Schoen,SR-4,Ohio Northern,05:44.1,28:30.8,,OWU invite
130,Braeden Horn,SR-4,Bluffton,05:44.3,28:31.8,96,OWU invite
131,Blake Murgatroyd,FR-1,Ohio Dominican,05:44.5,28:32.5,97,OWU invite
132,Jarrod Roudebush,JR-3,Bluffton,05:44.6,28:33.4,98,OWU invite
133,Aaron McNutt,SO-2,Capital,05:44.9,28:34.5,99,OWU invite
134,Arjun Thilairajah,SR-4,Case Western,05:44.9,28:34.7,,OWU invite
135,Brendan Bradish,FR-1,Case Western,05:45.1,28:35.5,,OWU invite
136,Nathan Jimenez,SR-4,Heidelberg,05:45.4,28:37.1,100,OWU invite
137,Jakob Hammond,SO-2,Ohio Northern,05:45.7,28:38.4,,OWU invite
138,Jerry Achtermann,SR-4,Oberlin,05:45.7,28:38.8,101,OWU invite
139,Cole Clodgo,SO-2,Denison,05:45.9,28:39.6,,OWU invite
140,Gavin Kelly,JR-3,Otterbein,05:46.2,28:40.9,,OWU invite
141,Praveen Sureshkumar,SO-2,Case Western,05:46.4,28:42.1,,OWU invite
142,Connor Neumeyer,,Ohio State Running Club,05:46.5,28:42.4,,OWU invite
143,Nathan Ogilbee,FR-1,Ohio Northern,05:47.1,28:45.8,,OWU invite
144,George Wood-Lenses,FR-1,Case Western,05:47.3,28:46.4,,OWU invite
145,Patrick Sharp,JR-3,Allegheny,05:47.4,28:47.2,102,OWU invite
146,Turner Markko,SO-2,Findlay,05:47.7,28:48.7,103,OWU invite
147,Adam Hellman,SR-4,Ohio Northern,05:47.8,28:49.3,,OWU invite
148,Donovan Brown,SR-4,Ohio Northern,05:48.0,28:50.0,,OWU invite
149,Alec Spangler,JR-3,Otterbein,05:48.3,28:51.8,,OWU invite
150,Seth Zimmerman,FR-1,Hiram,05:48.3,28:51.8,104,OWU invite
151,Jackson Adams,FR-1,Kenyon,05:48.6,28:53.2,105,OWU invite
152,Jacob Naumovski,SO-2,Shawnee State,05:48.9,28:54.6,106,OWU invite
153,Hunter Mowery,JR-3,Ohio Northern,05:49.2,28:56.3,,OWU invite
154,Edward Devaney,JR-3,Ohio Dominican,05:49.4,28:57.0,107,OWU invite
155,Jimmy Baker,JR-3,Kenyon,05:49.8,28:59.0,108,OWU invite
156,Nicholas Kiplinger,SO-2,Ohio Northern,05:49.8,28:59.2,,OWU invite
157,Adam Joseph,FR-1,Case Western,05:50.0,29:00.1,,OWU invite
158,Alex Hayden,JR-3,Mount Vernon Nazarene,05:50.6,29:02.8,109,OWU invite
159,Adam Criser,SO-2,Findlay,05:51.2,29:05.8,110,OWU invite
160,Luke Butler,SO-2,Shawnee State,05:51.4,29:06.7,111,OWU invite
161,Kort Sutherland,JR-3,Ohio Northern,05:51.5,29:07.3,,OWU invite
162,Theo Hordon,SO-2,Kenyon,05:51.6,29:08.0,112,OWU invite
163,Elijah Van Farowe,JR-3,Denison,05:51.6,29:08.0,,OWU invite
164,Brannon Moser,FR-1,Otterbein,05:51.8,29:08.8,,OWU invite
165,Liam Hogan,SO-2,Oberlin,05:51.8,29:08.8,,OWU invite
166,Miles Heyse,JR-3,Baldwin Wallace,05:52.7,29:13.3,,OWU invite
167,Danny Becker,JR-3,Case Western,05:53.1,29:15.2,,OWU invite
168,Andrew Woodruff,FR-1,Ohio Northern,05:53.5,29:17.6,,OWU invite
169,Adam Sinzinger,FR-1,Ohio Wesleyan,05:53.8,29:19.0,113,OWU invite
170,Henry Barnes,FR-1,Otterbein,05:53.9,29:19.5,,OWU invite
171,Dylan Doran,SO-2,Ashland,05:54.4,29:21.7,,OWU invite
172,David Seymour,JR-3,Baldwin Wallace,05:54.6,29:23.0,,OWU invite
173,William Michael,SO-2,Ohio Dominican,05:55.0,29:24.8,114,OWU invite
174,Zach Wyse,SR-4,Allegheny,05:55.6,29:27.8,115,OWU invite
175,Andrew Gall,FR-1,Ashland,05:55.8,29:28.7,,OWU invite
176,Haden Kirkham,SO-2,Ohio Wesleyan,05:55.9,29:29.1,,OWU invite
177,Carter Black,FR-1,Ohio Northern,05:56.4,29:32.0,,OWU invite
178,Jacob Bockenstette,,Ohio State Running Club,05:57.1,29:35.1,,OWU invite
179,Tyler Tang,JR-3,Ohio Wesleyan,05:57.3,29:36.1,,OWU invite
180,Justin Cederbloom,,Ohio State Running Club,05:57.7,29:38.2,,OWU invite
181,Mason Summers,SO-2,Mount Vernon Nazarene,05:57.8,29:38.6,116,OWU invite
182,Jackson VandeVelde,FR-1,Ohio Northern,05:57.9,29:39.4,,OWU invite
183,Simon Rohwer,FR-1,Mount Vernon Nazarene,05:58.3,29:41.4,117,OWU invite
184,Caleb Hines,FR-1,Rio Grande,05:58.4,29:42.0,118,OWU invite
185,Maxx Adams,FR-1,Ashland,05:58.5,29:42.1,,OWU invite
186,Ethan Wilkie,FR-1,Ohio Northern,05:58.5,29:42.4,,OWU invite
187,Tyler Bond,SO-2,Ohio Northern,05:58.7,29:43.2,,OWU invite
188,Angel Zeferino,SO-2,Case Western,05:59.5,29:47.4,,OWU invite
189,Malachi Shugert,JR-3,Shawnee State,05:59.7,29:48.3,119,OWU invite
190,Aaron Lewis,SO-2,Baldwin Wallace,06:00.1,29:50.4,,OWU invite
191,Grant Beasley,SO-2,Bluffton,06:00.5,29:52.1,120,OWU invite
192,Niko Moore,FR-1,Allegheny,06:00.6,29:52.8,121,OWU invite
193,Eric Barber,SO-2,Heidelberg,06:01.1,29:55.3,,OWU invite
194,Eli Stoddard,FR-1,Case Western,06:01.5,29:57.2,,OWU invite
195,Asu Pelima,FR-1,Ohio Northern,06:01.7,29:58.4,,OWU invite
196,Evan Radecki,SR-4,Otterbein,06:01.8,29:58.7,,OWU invite
197,Keegan Kidd,FR-1,Wilmington (Ohio),06:01.9,29:59.2,122,OWU invite
198,Aiden Mahony,SO-2,Capital,06:03.2,30:05.5,123,OWU invite
199,Ethan Moore,,Ohio State Running Club,06:03.2,30:05.8,,OWU invite
200,Walker Pannell,FR-1,Shawnee State,06:03.9,30:09.3,124,OWU invite
201,Jacob Lader,,Ohio State Running Club,06:05.1,30:15.0,,OWU invite
202,Jared Flowers,JR-3,Shawnee State,06:05.4,30:16.8,125,OWU invite
203,Michael Muzychenko,,Ohio State Running Club,06:07.4,30:26.3,,OWU invite
204,Carson Elchert,FR-1,Heidelberg,06:08.9,30:34.2,,OWU invite
205,Samuel Rabieh,SR-4,Kenyon,06:11.3,30:46.0,126,OWU invite
206,Griffin Boyer,SO-2,Baldwin Wallace,06:11.6,30:47.4,,OWU invite
207,Trevor Ike,,Ohio State Running Club,06:11.8,30:48.6,,OWU invite
208,Tanner Markley,FR-1,Hiram,06:12.1,30:50.0,127,OWU invite
209,Cameron Carr,,UNA-Ashland,06:12.5,30:51.8,,OWU invite
210,Johnny Gunther,FR-1,Ashland,06:12.6,30:52.4,,OWU invite
211,Elijah Routh,,Ohio State Running Club,06:13.5,30:56.9,,OWU invite
212,Colby Sprague,FR-1,Ohio Wesleyan,06:13.8,30:58.3,,OWU invite
213,Nathaniel Hahn,FR-1,Case Western,06:14.8,31:03.5,,OWU invite
214,Cayden Jones,FR-1,Hiram,06:15.6,31:07.1,128,OWU invite
215,Andrew Rouser,SO-2,Capital,06:16.7,31:12.7,129,OWU invite
216,Gavin Ross,SO-2,Baldwin Wallace,06:17.5,31:16.5,,OWU invite
217,Jordan Croy,FR-1,Bluffton,06:19.2,31:25.4,130,OWU invite
218,Kaden McWatters,FR-1,Bluffton,06:19.2,31:25.4,131,OWU invite
219,Bryson Robinette,SO-2,Wilmington (Ohio),06:20.8,31:33.1,132,OWU invite
220,Bryce Hensley,SO-2,Wilmington (Ohio),06:21.3,31:35.4,133,OWU invite
221,Chance Russell,FR-1,Baldwin Wallace,06:24.6,31:52.0,,OWU invite
222,Taylor Insyxiengmay,JR-3,Wittenberg,06:26.5,32:01.3,,OWU invite
223,Dominic Capocciama,FR-1,Wilmington (Ohio),06:31.0,32:23.8,,OWU invite
224,Nate Taylor,Sophomore,Rio Grande,06:32.2,32:29.8,134,OWU invite
225,Cameron Chatfield,SO-2,Wilmington (Ohio),06:33.2,32:35.0,,OWU invite
226,Ian Chapman,SO-2,Otterbein,06:33.8,32:37.6,,OWU invite
227,Tatum Paglia,FR-1,Wittenberg,06:34.2,32:39.8,,OWU invite
228,Joseph Rivello,FR-1,Case Western,06:36.5,32:51.1,,OWU invite
229,William Fiorentino,,Ohio State Running Club,06:47.9,33:47.9,,OWU invite
230,Rayan Zaidi,SO-2,Lorain County CC,06:48.1,33:48.8,,OWU invite
231,Brady Hurst,FR-1,Lorain County CC,06:50.9,34:02.9,,OWU invite
232,Aiden Jefferson,Freshman,Kent State-Trumbull,06:54.6,34:21.2,,OWU invite
233,Calijhawon Davis,,Wilberforce,06:57.7,34:36.7,135,OWU invite
234,Owen Thornsbury,FR-1,Lorain County CC,06:58.0,34:38.2,,OWU invite
235,Blake Spurlock,Senior,Kent State-Trumbull,06:59.2,34:44.1,,OWU invite
236,Connor Green,FR-1,Hiram,07:00.2,34:49.2,136,OWU invite
237,Braylon Miller,SO-2,Lorain County CC,07:02.8,35:01.9,,OWU invite
238,Gabe Weiford,FR-1,Hiram,07:05.9,35:17.4,137,OWU invite
239,Aiden Smith,FR-1,Capital,07:11.0,35:42.9,,OWU invite
240,Wyatt Webb,FR-1,Rio Grande,07:21.9,36:36.8,138,OWU invite
241,Josiah Mobley,,Wilberforce,07:23.1,36:42.8,139,OWU invite
242,Jamir Hymes,,Wilberforce,07:23.8,36:46.4,140,OWU invite
243,Jules Blot-Claudic,,Ohio State Running Club,07:31.2,37:23.0,,OWU invite
244,Christopher Warner,,Wilberforce,08:40.8,43:09.4,141,OWU invite
245,Preston Steele,,Wilberforce,08:41.1,43:10.8,142,OWU invite
246,Jersse Oliverson,,Wilberforce,08:57.7,44:33.4,143,OWU invite